project,bug_id,run,status_group,status,tests_generated,tests_validated,compile_success,fixed_failing_tests,buggy_failing_tests,fault_detected,line_coverage_ratio,branch_coverage_ratio,line_coverage_percent,branch_coverage_percent,generation_seconds,total_seconds
Chart,1,1,pass,complete,730,730,True,0,1,True,0.3310104529616725,0.23140495867768596,33.10104529616725,23.140495867768596,897.917,1020.672
Chart,2,1,pass,complete,75,75,True,0,0,False,0.4993757802746567,0.4099264705882353,49.93757802746567,40.99264705882353,397.021,504.214
Chart,3,1,pass,complete,517,517,True,0,1,True,0.8052631578947369,0.7204301075268817,80.52631578947368,72.04301075268818,1062.42,1327.642
Chart,4,1,pass,complete,1008,1008,True,0,9,True,0.5105088495575221,0.3692946058091286,51.05088495575221,36.92946058091286,1259.505,1412.065
Chart,5,1,pass,complete,331,331,True,0,12,True,0.7965116279069767,0.6875,79.65116279069767,68.75,157.976,243.57
Chart,6,1,pass,complete,4,4,True,0,0,False,0.3103448275862069,0.16666666666666669,31.03448275862069,16.666666666666668,10.931,87.2
Chart,7,1,pass,complete,28,28,True,0,0,False,0.37735849056603776,0.12962962962962965,37.735849056603776,12.962962962962964,76.355,155.799
Chart,8,1,pass,complete,77,67,True,0,0,False,0.7037037037037037,0.5882352941176471,70.37037037037037,58.8235294117647,84.661,182.65
Chart,9,1,pass,complete,373,373,True,0,1,True,0.7785467128027682,0.6640625,77.85467128027682,66.40625,322.817,430.025
Chart,10,1,pass,complete,1,1,True,0,1,True,1.0,,100.0,,3.777,84.87
Chart,11,1,pass,complete,38,38,True,0,1,True,0.6954314720812182,0.5344827586206897,69.54314720812182,53.44827586206897,82.269,174.02
Chart,12,1,pass,complete,58,58,True,0,0,False,0.8473684210526317,0.6666666666666667,84.73684210526316,66.66666666666667,246.548,349.547
Chart,13,1,pass,complete,12,12,True,0,0,False,0.5283842794759825,0.5083333333333333,52.838427947598255,50.833333333333336,25.694,116.397
Chart,14,1,pass,complete,928,928,True,0,0,False,0.2909625275532697,0.22214484679665739,29.096252755326965,22.214484679665738,1275.429,1399.223
Chart,15,1,pass,complete,1280,1280,True,0,9,True,0.7834928229665071,0.47756410256410253,78.34928229665071,47.756410256410255,1275.7,1404.951
Chart,16,1,pass,complete,134,134,True,0,21,True,0.7446808510638298,0.640625,74.46808510638297,64.0625,143.74,236.701
Chart,17,1,pass,complete,387,387,True,0,2,True,0.7777777777777777,0.6640625,77.77777777777777,66.40625,336.568,440.199
Chart,18,1,pass,complete,208,208,True,0,21,True,0.81203007518797,0.6557377049180327,81.203007518797,65.57377049180327,261.317,357.318
Chart,19,1,pass,complete,1056,1056,True,0,16,True,0.6875,0.537037037037037,68.75,53.7037037037037,1279.8,1395.874
Chart,20,1,pass,complete,6,6,True,0,0,False,0.6818181818181819,0.25,68.18181818181819,25.0,11.726,100.222
Chart,21,1,pass,complete,77,77,True,0,1,True,0.9254658385093169,0.8833333333333333,92.54658385093168,88.33333333333333,174.78,264.729
Chart,22,1,pass,complete,63,63,True,0,16,True,0.75,0.5344827586206897,75.0,53.44827586206897,75.39,163.599
Chart,23,1,pass,complete,61,61,True,0,0,False,0.2986111111111111,0.15217391304347827,29.86111111111111,15.217391304347826,133.823,226.63
Chart,24,1,pass,complete,5,5,True,0,0,False,0.68,0.3,68.0,30.0,15.173,112.457
Chart,25,1,pass,complete,7,7,True,0,0,False,0.08620689655172414,0.024390243902439025,8.620689655172415,2.4390243902439024,54.402,155.064
Chart,26,1,pass,complete,642,642,True,0,0,False,0.7771428571428571,0.5,77.71428571428571,50.0,631.55,743.61
Cli,1,1,pass,complete,26,26,True,0,2,True,0.9555555555555556,0.8571428571428571,95.55555555555556,85.71428571428571,79.206,141.024
Cli,2,1,no run,no_generated_tests,0,0,,,,,,,,,1.752,21.345
Cli,3,1,pass,complete,10,10,True,0,0,False,0.6363636363636364,0.55,63.63636363636363,55.0,24.296,85.466
Cli,4,1,pass,complete,14,14,True,0,0,False,0.45454545454545453,0.36764705882352944,45.45454545454545,36.76470588235294,23.404,82.39
Cli,5,1,pass,complete,21,21,True,0,0,False,0.7272727272727273,0.75,72.72727272727273,75.0,59.887,124.673
Cli,7,1,pass,complete,5,5,True,0,0,False,0.7647058823529411,0.5925925925925926,76.47058823529412,59.25925925925926,17.257,80.607
Cli,8,1,pass,complete,103,103,True,0,2,True,0.6614583333333333,0.5192307692307692,66.14583333333333,51.92307692307692,1221.852,1275.277
Cli,9,1,pass,complete,14,14,True,0,0,False,0.4666666666666666,0.35714285714285715,46.666666666666664,35.714285714285715,26.809,86.655
Cli,10,1,pass,complete,14,14,True,0,0,False,0.46226415094339623,0.35714285714285715,46.22641509433962,35.714285714285715,23.235,79.371
Cli,11,1,pass,complete,60,60,True,0,0,False,0.6464646464646465,0.4716981132075472,64.64646464646465,47.16981132075472,1305.148,1363.437
Cli,12,1,no run,no_generated_tests,0,0,,,,,,,,,1.65,17.766
Cli,13,1,no run,no_generated_tests,0,0,,,,,,,,,165.696,181.987
Cli,14,1,pass,complete,23,23,True,0,0,False,0.41269841269841273,0.3359375,41.26984126984127,33.59375,74.986,134.861
Cli,15,1,no run,no_generated_tests,0,0,,,,,,,,,64.483,84.172
Cli,16,1,pass,complete,57,57,True,0,2,True,0.29737609329446063,0.2798165137614679,29.737609329446062,27.98165137614679,256.953,313.453
Cli,17,1,no run,no_generated_tests,0,0,,,,,,,,,1.762,18.759
Cli,18,1,no run,no_generated_tests,0,0,,,,,,,,,1.704,18.555
Cli,19,1,no run,no_generated_tests,0,0,,,,,,,,,1.837,19.1
Cli,20,1,no run,no_generated_tests,0,0,,,,,,,,,1.658,18.713
Cli,21,1,pass,complete,23,23,True,0,0,False,0.27210884353741494,0.2393617021276596,27.210884353741495,23.93617021276596,189.558,245.033
Cli,22,1,no run,no_generated_tests,0,0,,,,,,,,,1.721,18.344
Cli,23,1,pass,complete,113,113,True,0,0,False,0.6717171717171717,0.5185185185185186,67.17171717171718,51.851851851851855,1145.911,1201.771
Cli,24,1,pass,complete,132,132,True,0,23,True,0.6818181818181819,0.5446428571428572,68.18181818181819,54.464285714285715,142.753,202.368
Cli,25,1,pass,complete,122,122,True,0,0,False,0.6818181818181819,0.5535714285714285,68.18181818181819,55.357142857142854,696.834,753.91
Cli,26,1,pass,complete,20,20,True,0,0,False,0.9836065573770492,0.75,98.36065573770492,75.0,36.542,92.192
Cli,27,1,pass,complete,19,19,True,0,0,False,1.0,1.0,100.0,100.0,26.113,85.201
Cli,28,1,pass,complete,14,14,True,0,0,False,0.49504950495049505,0.36764705882352944,49.504950495049506,36.76470588235294,25.647,83.073
Cli,29,1,pass,complete,38,38,True,0,0,False,0.7857142857142857,0.8,78.57142857142857,80.0,76.951,134.547
Cli,30,1,pass,complete,28,28,True,0,0,False,0.4444444444444444,0.3119266055045872,44.44444444444444,31.192660550458715,52.805,114.097
Cli,31,1,pass,complete,81,81,True,0,0,False,0.35751295336787564,0.2932692307692308,35.751295336787564,29.326923076923077,1305.785,1361.948
Cli,32,1,pass,complete,66,66,True,0,0,False,0.6305418719211823,0.3524590163934426,63.05418719211823,35.24590163934426,1317.675,1378.184
Cli,33,1,pass,complete,61,61,True,0,0,False,0.6318407960199005,0.37719298245614036,63.18407960199005,37.719298245614034,1306.742,1366.019
Cli,34,1,pass,complete,181,181,True,0,7,True,0.7777777777777777,0.42045454545454547,77.77777777777777,42.04545454545455,555.069,612.804
Cli,35,1,pass,complete,31,31,True,0,0,False,0.8596491228070176,0.7,85.96491228070175,70.0,375.838,436.601
Cli,36,1,pass,complete,54,54,True,0,6,True,0.9042553191489361,0.8333333333333333,90.42553191489361,83.33333333333333,426.497,476.39
Cli,37,1,pass,complete,15,15,True,0,0,False,0.42780748663101603,0.28481012658227844,42.780748663101605,28.481012658227847,24.532,89.397
Cli,38,1,pass,complete,15,15,True,0,0,False,0.4083769633507853,0.28481012658227844,40.83769633507853,28.481012658227847,26.063,87.956
Cli,39,1,pass,complete,11,11,True,0,0,False,0.6904761904761905,0.6,69.04761904761905,60.0,27.219,84.76
Cli,40,1,pass,complete,12,12,True,0,1,True,0.7111111111111111,0.6,71.11111111111111,60.0,31.954,95.136
Closure,1,1,pass,complete,15,15,True,0,0,False,0.5128205128205129,0.32982456140350874,51.282051282051285,32.98245614035088,1188.785,1327.253
Closure,2,1,no run,no_generated_tests,0,0,,,,,,,,,94.363,170.651
Closure,3,1,pass,complete,6,6,True,0,4,True,0.8125,0.6220472440944882,81.25,62.20472440944882,729.819,852.05
Closure,4,1,no run,no_generated_tests,0,0,,,,,,,,,24.886,89.709
Closure,5,1,no run,no_generated_tests,0,0,,,,,,,,,102.223,163.255
Closure,6,1,no run,no_generated_tests,0,0,,,,,,,,,22.533,82.93
Closure,7,1,no run,no_generated_tests,0,0,,,,,,,,,18.424,74.543
Closure,8,1,no run,no_generated_tests,0,0,,,,,,,,,54.337,118.424
Closure,9,1,pass,complete,2,2,True,0,0,False,0.08256880733944953,0.047619047619047616,8.256880733944953,4.761904761904762,59.301,181.555
Closure,10,1,pass,complete,30,30,True,0,0,False,0.22577519379844962,0.17120622568093385,22.57751937984496,17.120622568093385,1059.757,1185.181
Closure,11,1,no run,no_generated_tests,0,0,,,,,,,,,69.971,128.148
Closure,12,1,no run,no_generated_tests,0,0,,,,,,,,,2.932,62.703
Closure,13,1,no run,no_generated_tests,0,0,,,,,,,,,53.17,112.368
Closure,14,1,pass,complete,4,4,True,0,0,False,0.036855036855036855,0.021739130434782608,3.6855036855036856,2.1739130434782608,176.999,288.839
Closure,15,1,pass,complete,6,6,True,0,0,False,0.8132530120481928,0.6218487394957983,81.32530120481928,62.18487394957983,235.092,355.86
Closure,16,1,no run,no_generated_tests,0,0,,,,,,,,,98.547,162.588
Closure,17,1,no run,no_generated_tests,0,0,,,,,,,,,54.931,118.199
Closure,18,1,pass,complete,92,91,True,0,0,False,0.5059642147117296,0.3870192307692308,50.59642147117296,38.70192307692308,1260.883,1416.687
Closure,19,1,no run,no_generated_tests,0,0,,,,,,,,,24.258,83.725
Closure,20,1,no run,no_generated_tests,0,0,,,,,,,,,3.056,63.119
Closure,21,1,no run,no_generated_tests,0,0,,,,,,,,,198.836,262.827
Closure,22,1,no run,no_generated_tests,0,0,,,,,,,,,199.286,262.482
Closure,23,1,no run,no_generated_tests,0,0,,,,,,,,,3.782,88.596
Closure,24,1,no run,no_generated_tests,0,0,,,,,,,,,109.645,193.315
Closure,25,1,no run,no_generated_tests,0,0,,,,,,,,,3.688,86.996
Closure,26,1,pass,complete,2,2,True,0,0,False,0.09345794392523364,0.05,9.345794392523365,5.0,83.563,223.825
Closure,27,1,pass,complete,89,89,True,0,0,False,0.5614973262032086,0.6333333333333333,56.149732620320854,63.333333333333336,421.536,554.776
Closure,28,1,no run,no_generated_tests,0,0,,,,,,,,,4.268,72.541
Closure,29,1,no run,no_generated_tests,0,0,,,,,,,,,83.716,160.361
Closure,30,1,pass,complete,6,6,True,0,0,False,0.7401812688821753,0.5405405405405406,74.01812688821752,54.054054054054056,283.001,426.409
Closure,31,1,pass,complete,92,92,True,0,0,False,0.4969450101832994,0.38,49.69450101832994,38.0,1256.099,1414.259
Closure,32,1,pass,complete,4,4,True,0,0,False,0.08157389635316699,0.05237315875613748,8.157389635316699,5.237315875613748,130.762,261.754
Closure,33,1,pass,complete,29,29,True,0,0,False,0.2175925925925926,0.15,21.75925925925926,15.0,374.089,500.681
Closure,34,1,pass,complete,6,6,True,0,0,False,0.1842410196987254,0.10434782608695653,18.424101969872538,10.434782608695652,284.567,424.312
Closure,35,1,no run,no_generated_tests,0,0,,,,,,,,,3.352,67.093
Closure,36,1,no run,no_generated_tests,0,0,,,,,,,,,71.052,135.204
Closure,37,1,pass,complete,30,30,True,0,0,False,0.140625,0.06233766233766234,14.0625,6.233766233766234,385.196,516.319
Closure,38,1,pass,complete,1,1,True,0,0,False,0.42857142857142855,0.25,42.857142857142854,25.0,190.382,325.061
Closure,39,1,pass,complete,29,29,True,0,0,False,0.2292682926829268,0.16071428571428573,22.926829268292682,16.071428571428573,360.643,503.803
Closure,40,1,no run,no_generated_tests,0,0,,,,,,,,,73.298,134.767
Closure,41,1,no run,no_generated_tests,0,0,,,,,,,,,3.681,72.757
Closure,42,1,pass,complete,1,1,True,0,0,False,0.04180602006688963,0.0035842293906810036,4.1806020066889635,0.35842293906810035,69.257,219.787
Closure,43,1,no run,no_generated_tests,0,0,,,,,,,,,72.467,152.267
Closure,44,1,pass,complete,2,2,True,0,0,False,0.4311926605504587,0.25,43.11926605504587,25.0,210.953,353.472
Closure,45,1,no run,no_generated_tests,0,0,,,,,,,,,94.567,167.059
Closure,46,1,no run,no_generated_tests,0,0,,,,,,,,,350.285,415.304
Closure,47,1,pass,complete,25,25,True,0,0,False,0.11173184357541899,0.012345679012345678,11.1731843575419,1.2345679012345678,366.998,504.101
Closure,48,1,no run,no_generated_tests,0,0,,,,,,,,,60.819,130.953
Closure,49,1,no run,no_generated_tests,0,0,,,,,,,,,142.745,219.029
Closure,50,1,no run,no_generated_tests,0,0,,,,,,,,,3.01,72.002
Closure,51,1,pass,complete,2,2,True,0,1,True,0.4351851851851852,0.2777777777777778,43.51851851851852,27.77777777777778,213.582,347.392
Closure,52,1,pass,complete,1,1,True,0,0,False,0.13445378151260504,0.09090909090909091,13.445378151260504,9.090909090909092,220.105,359.714
Closure,53,1,no run,no_generated_tests,0,0,,,,,,,,,72.027,143.434
Closure,54,1,pass,complete,8,8,True,0,0,False,0.06890756302521009,0.040659340659340654,6.890756302521009,4.065934065934066,227.208,367.66
Closure,55,1,no run,no_generated_tests,0,0,,,,,,,,,72.715,140.025
Closure,56,1,pass,complete,87,87,True,0,5,True,0.6619718309859155,0.5833333333333334,66.19718309859155,58.333333333333336,139.395,287.72
Closure,57,1,pass,complete,20,20,True,0,0,False,0.33093525179856115,0.14,33.093525179856115,14.0,161.735,306.883
Closure,58,1,no run,no_generated_tests,0,0,,,,,,,,,4.973,83.957
Closure,59,1,pass,complete,74,74,True,0,0,False,0.3452088452088452,0.2727272727272727,34.52088452088452,27.272727272727273,1147.692,1301.067
Closure,60,1,pass,complete,16,16,True,0,0,False,0.13034188034188035,0.06378378378378378,13.034188034188034,6.378378378378378,470.3,611.779
Closure,61,1,pass,complete,16,16,True,0,0,False,0.13090128755364808,0.06413043478260869,13.090128755364807,6.413043478260869,453.403,598.085
Closure,62,1,no run,no_generated_tests,0,0,,,,,,,,,11.292,85.966
Closure,64,1,pass,complete,74,74,True,0,0,False,0.3530895334174023,0.275,35.30895334174023,27.5,1097.893,1215.049
Closure,65,1,pass,complete,1,1,True,0,0,False,0.13445378151260504,0.09090909090909091,13.445378151260504,9.090909090909092,188.23,293.336
Closure,66,1,no run,no_generated_tests,0,0,,,,,,,,,71.338,122.185
Closure,67,1,no run,no_generated_tests,0,0,,,,,,,,,66.53,119.004
Closure,68,1,pass,complete,4,4,True,0,0,False,0.07213438735177866,0.04923599320882852,7.213438735177865,4.923599320882852,72.115,171.345
Closure,69,1,no run,no_generated_tests,0,0,,,,,,,,,76.628,131.777
Closure,70,1,no run,no_generated_tests,0,0,,,,,,,,,57.179,111.348
Closure,71,1,no run,no_generated_tests,0,0,,,,,,,,,171.429,225.804
Closure,72,1,no run,no_generated_tests,0,0,,,,,,,,,77.167,135.014
Closure,73,1,pass,complete,1,1,True,0,0,False,0.1348122866894198,0.09131403118040088,13.481228668941979,9.131403118040089,205.838,309.49
Closure,74,1,no run,no_generated_tests,0,0,,,,,,,,,3.2,64.601
Closure,75,1,pass,complete,12,12,True,0,0,False,0.11413043478260869,0.05611672278338945,11.41304347826087,5.611672278338945,404.273,516.058
Closure,76,1,no run,no_generated_tests,0,0,,,,,,,,,152.67,206.872
Closure,77,1,pass,complete,2,2,True,0,0,False,0.13908450704225353,0.0944700460829493,13.908450704225352,9.44700460829493,186.626,289.818
Closure,78,1,no run,no_generated_tests,0,0,,,,,,,,,3.093,57.63
Closure,79,1,no run,no_generated_tests,0,0,,,,,,,,,233.707,288.721
Closure,80,1,pass,complete,13,13,True,0,0,False,0.12021857923497267,0.0608793686583991,12.021857923497267,6.08793686583991,392.647,494.851
Closure,81,1,pass,complete,1,1,True,0,0,False,0.09028960817717206,0.034482758620689655,9.028960817717206,3.4482758620689653,51.649,155.319
Closure,82,1,pass,complete,41,41,True,0,0,False,0.14414414414414414,0.12179487179487179,14.414414414414415,12.179487179487179,406.298,502.907
Closure,83,1,pass,complete,1,1,True,0,0,False,0.015384615384615385,0.0,1.5384615384615385,0.0,5.46,103.312
Closure,84,1,pass,complete,1,1,True,0,0,False,0.09601449275362318,0.03754266211604095,9.601449275362318,3.7542662116040955,51.02,145.662
Closure,85,1,no run,no_generated_tests,0,0,,,,,,,,,171.816,214.631
Closure,86,1,pass,complete,15,15,True,0,0,False,0.12962962962962965,0.0706371191135734,12.962962962962964,7.06371191135734,371.55,465.841
Closure,87,1,pass,complete,1,1,True,0,0,False,0.026373626373626374,0.0032362459546925564,2.6373626373626373,0.32362459546925565,10.173,103.631
Closure,88,1,no run,no_generated_tests,0,0,,,,,,,,,162.802,204.886
Closure,89,1,no run,no_generated_tests,0,0,,,,,,,,,69.025,110.185
Closure,90,1,pass,complete,8,8,True,0,0,False,0.10670731707317073,0.06896551724137931,10.670731707317072,6.896551724137931,107.2,185.632
Closure,91,1,no run,no_generated_tests,0,0,,,,,,,,,113.248,152.517
Closure,92,1,no run,no_generated_tests,0,0,,,,,,,,,178.076,216.608
Closure,94,1,pass,complete,13,13,True,0,0,False,0.1470160116448326,0.0776255707762557,14.701601164483261,7.762557077625571,363.28,447.6
Closure,95,1,no run,no_generated_tests,0,0,,,,,,,,,52.751,93.835
Closure,96,1,no run,no_generated_tests,0,0,,,,,,,,,73.324,115.931
Closure,97,1,no run,no_generated_tests,0,0,,,,,,,,,3.597,46.041
Closure,98,1,no run,no_generated_tests,0,0,,,,,,,,,144.983,187.864
Closure,99,1,no run,no_generated_tests,0,0,,,,,,,,,91.071,132.193
Closure,100,1,no run,no_generated_tests,0,0,,,,,,,,,89.308,129.373
Closure,101,1,no run,no_generated_tests,0,0,,,,,,,,,202.242,227.19
Closure,102,1,pass,complete,2,2,True,0,0,False,0.05376344086021505,0.0,5.376344086021505,0.0,225.415,303.367
Closure,103,1,pass,complete,1,1,True,0,0,False,0.010526315789473684,0.0,1.0526315789473684,0.0,363.385,452.649
Closure,104,1,pass,complete,27,27,True,0,0,False,0.015625,0.0,1.5625,0.0,309.173,390.448
Closure,105,1,no run,no_generated_tests,0,0,,,,,,,,,243.009,280.47
Closure,106,1,pass,complete,52,52,True,0,0,False,0.30095541401273884,0.1793103448275862,30.095541401273884,17.93103448275862,393.621,476.938
Closure,107,1,pass,complete,1,1,True,0,0,False,0.01529051987767584,0.014285714285714285,1.529051987767584,1.4285714285714286,8.804,172.51
Closure,108,1,no run,no_generated_tests,0,0,,,,,,,,,175.31,270.842
Closure,109,1,pass,complete,4,4,True,0,0,False,0.07591623036649214,0.04526166902404526,7.591623036649215,4.526166902404526,97.991,257.528
Closure,110,1,pass,complete,1096,1096,True,0,9,True,0.4210526315789474,0.3199426111908178,42.10526315789474,31.99426111908178,1254.475,1418.139
Closure,111,1,no run,no_generated_tests,0,0,,,,,,,,,17.564,99.292
Closure,112,1,no run,no_generated_tests,0,0,,,,,,,,,3.732,86.18
Closure,113,1,no run,no_generated_tests,0,0,,,,,,,,,373.0,461.715
Closure,114,1,no run,no_generated_tests,0,0,,,,,,,,,159.748,244.402
Closure,115,1,no run,no_generated_tests,0,0,,,,,,,,,3.975,90.363
Closure,116,1,no run,no_generated_tests,0,0,,,,,,,,,3.769,70.569
Closure,117,1,no run,no_generated_tests,0,0,,,,,,,,,47.001,120.347
Closure,118,1,pass,complete,7,7,True,0,0,False,0.004329004329004329,0.0,0.4329004329004329,0.0,188.683,345.806
Closure,119,1,no run,no_generated_tests,0,0,,,,,,,,,32.936,117.197
Closure,120,1,no run,no_generated_tests,0,0,,,,,,,,,369.134,459.834
Closure,121,1,no run,no_generated_tests,0,0,,,,,,,,,157.582,253.578
Closure,122,1,pass,complete,6,6,True,0,0,False,0.2402315484804631,0.12569832402234637,24.02315484804631,12.569832402234637,101.963,251.324
Closure,123,1,pass,complete,6,6,True,0,0,False,0.06923076923076923,0.020618556701030924,6.923076923076923,2.0618556701030926,922.556,1066.244
Closure,124,1,no run,no_generated_tests,0,0,,,,,,,,,4.012,84.35
Closure,125,1,no run,no_generated_tests,0,0,,,,,,,,,111.857,193.07
Closure,126,1,no run,no_generated_tests,0,0,,,,,,,,,264.72,344.661
Closure,127,1,no run,no_generated_tests,0,0,,,,,,,,,130.576,202.885
Closure,128,1,pass,complete,6,6,True,0,0,False,0.13479623824451412,0.0859538784067086,13.47962382445141,8.59538784067086,967.447,1107.96
Closure,129,1,pass,complete,6,6,True,0,0,False,0.41666666666666663,0.21568627450980393,41.666666666666664,21.568627450980394,96.752,217.916
Closure,130,1,no run,no_generated_tests,0,0,,,,,,,,,89.483,153.241
Closure,131,1,pass,complete,20,20,True,0,0,False,0.4070796460176991,0.2787878787878788,40.70796460176991,27.87878787878788,10.473,129.133
Closure,132,1,no run,no_generated_tests,0,0,,,,,,,,,2.829,61.488
Closure,133,1,pass,complete,2,2,True,0,0,False,0.07529843893480258,0.042748091603053436,7.529843893480257,4.2748091603053435,84.708,210.84
Closure,134,1,no run,no_generated_tests,0,0,,,,,,,,,304.175,329.573
Closure,135,1,pass,complete,86,86,True,0,0,False,0.04952830188679245,0.06918238993710692,4.952830188679245,6.918238993710692,786.835,872.608
Closure,136,1,no run,no_generated_tests,0,0,,,,,,,,,247.594,290.043
Closure,137,1,pass,complete,13,13,True,0,0,False,0.0625,0.016853932584269662,6.25,1.6853932584269662,845.86,938.037
Closure,138,1,no run,no_generated_tests,0,0,,,,,,,,,9.124,82.202
Closure,139,1,no run,no_generated_tests,0,0,,,,,,,,,109.08,174.834
Closure,140,1,pass,complete,56,56,True,0,0,False,0.258751902587519,0.13114754098360656,25.875190258751903,13.114754098360656,1172.325,1286.072
Closure,141,1,pass,complete,9,9,True,0,0,False,0.056490384615384616,0.02127659574468085,5.649038461538462,2.127659574468085,525.239,626.359
Closure,142,1,pass,complete,3,3,True,0,0,False,0.05871029836381136,0.037914691943127965,5.871029836381136,3.7914691943127963,267.718,353.208
Closure,143,1,no run,no_generated_tests,0,0,,,,,,,,,97.966,137.676
Closure,144,1,pass,complete,19,19,True,0,0,False,0.08435708435708436,0.04,8.435708435708436,4.0,340.135,435.701
Closure,145,1,pass,complete,1,1,True,0,0,False,0.06042884990253412,0.02393617021276596,6.042884990253412,2.393617021276596,195.432,285.692
Closure,146,1,pass,complete,41,41,True,0,0,False,0.16315789473684209,0.14754098360655737,16.31578947368421,14.754098360655737,437.009,531.721
Closure,147,1,no run,no_generated_tests,0,0,,,,,,,,,192.457,241.161
Closure,148,1,pass,complete,1,1,True,0,1,True,0.015602836879432624,0.001976284584980237,1.5602836879432624,0.1976284584980237,11.191,104.528
Closure,149,1,pass,complete,97,97,True,0,0,False,0.27814569536423844,0.15520282186948853,27.814569536423843,15.520282186948853,1275.71,1373.481
Closure,150,1,no run,no_generated_tests,0,0,,,,,,,,,61.224,107.2
Closure,151,1,pass,complete,1,1,True,0,0,False,0.016304347826086956,0.0,1.6304347826086956,0.0,5.289,102.777
Closure,152,1,pass,complete,8,8,True,0,0,False,0.19943019943019943,0.1276595744680851,19.943019943019944,12.76595744680851,118.555,216.581
Closure,153,1,pass,complete,1,1,True,0,0,False,0.02393617021276596,0.0,2.393617021276596,0.0,134.187,250.428
Closure,154,1,no run,no_generated_tests,0,0,,,,,,,,,123.623,193.202
Closure,155,1,no run,no_generated_tests,0,0,,,,,,,,,414.417,478.715
Closure,156,1,no run,no_generated_tests,0,0,,,,,,,,,80.122,146.989
Closure,157,1,pass,complete,2,2,True,0,0,False,0.1071698113207547,0.06148491879350348,10.716981132075471,6.148491879350348,386.083,510.221
Closure,158,1,pass,complete,20,20,True,0,0,False,0.060267857142857144,0.0,6.026785714285714,0.0,381.312,505.501
Closure,159,1,no run,no_generated_tests,0,0,,,,,,,,,82.319,142.316
Closure,160,1,pass,complete,72,72,True,0,0,False,0.34974747474747475,0.2732919254658385,34.974747474747474,27.32919254658385,1261.15,1380.091
Closure,161,1,no run,no_generated_tests,0,0,,,,,,,,,4.216,90.343
Closure,162,1,no run,no_generated_tests,0,0,,,,,,,,,224.009,313.967
Closure,163,1,pass,complete,2,2,True,0,0,False,0.006172839506172839,0.0,0.6172839506172839,0.0,153.181,313.195
Closure,164,1,pass,complete,29,29,True,0,0,False,0.2584269662921348,0.14285714285714288,25.84269662921348,14.285714285714286,402.672,556.644
Closure,165,1,pass,complete,92,92,True,0,0,False,0.5325301204819277,0.23344947735191637,53.25301204819277,23.34494773519164,1226.427,1372.768
Closure,166,1,pass,complete,28,28,True,0,0,False,0.2,0.11538461538461538,20.0,11.538461538461538,434.328,597.67
Closure,167,1,pass,complete,17,17,True,0,0,False,0.08823529411764706,0.061170212765957445,8.823529411764707,6.117021276595745,1267.16,1418.233
Closure,168,1,no run,no_generated_tests,0,0,,,,,,,,,68.615,152.182
Closure,169,1,pass,complete,76,76,True,0,0,False,0.15462315462315462,0.12326043737574553,15.462315462315463,12.326043737574553,1272.907,1454.541
Closure,170,1,pass,complete,6,6,True,0,0,False,0.6759776536312849,0.5303030303030303,67.59776536312849,53.03030303030303,881.279,1014.021
Closure,171,1,no run,no_generated_tests,0,0,,,,,,,,,65.391,147.702
Closure,172,1,no run,no_generated_tests,0,0,,,,,,,,,51.918,112.637
Closure,173,1,pass,complete,6,6,True,0,0,False,0.0752453653217012,0.027737226277372264,7.52453653217012,2.7737226277372264,948.222,1083.783
Closure,174,1,pass,complete,71,71,True,0,0,False,0.23971119133574006,0.15916398713826366,23.971119133574007,15.916398713826366,1411.07,1626.784
Closure,175,1,no run,no_generated_tests,0,0,,,,,,,,,4.608,82.305
Closure,176,1,no run,no_generated_tests,0,0,,,,,,,,,3.45,80.203
Codec,1,1,pass,complete,81,81,True,0,0,False,0.87890625,0.782608695652174,87.890625,78.26086956521739,73.92,138.483
Codec,2,1,pass,complete,94,94,True,0,0,False,0.8224299065420562,0.773972602739726,82.24299065420561,77.3972602739726,119.268,182.012
Codec,3,1,pass,complete,85,85,True,0,0,False,0.6490066225165563,0.5044444444444445,64.90066225165563,50.44444444444444,62.57,125.735
Codec,4,1,pass,complete,135,135,True,0,2,True,0.9004329004329005,0.8354430379746836,90.04329004329004,83.54430379746836,166.612,233.961
Codec,5,1,pass,complete,125,125,True,0,0,False,0.9047619047619048,0.8417721518987342,90.47619047619048,84.17721518987342,169.537,237.261
Codec,6,1,pass,complete,11,11,True,0,0,False,0.657142857142857,0.5,65.71428571428571,50.0,14.038,76.569
Codec,7,1,pass,complete,129,129,True,0,3,True,0.9184549356223176,0.8518518518518519,91.84549356223177,85.18518518518519,170.66,239.595
Codec,8,1,pass,complete,138,138,True,0,0,False,0.8352490421455938,0.7311827956989247,83.52490421455938,73.11827956989248,179.588,246.246
Codec,9,1,pass,complete,128,128,True,0,0,False,0.8863636363636364,0.7960526315789473,88.63636363636364,79.60526315789474,176.148,240.946
Codec,10,1,pass,complete,10,10,True,0,0,False,1.0,1.0,100.0,100.0,16.684,77.549
Codec,11,1,pass,complete,23,23,True,0,1,True,0.8395061728395062,0.8333333333333333,83.95061728395062,83.33333333333333,45.99,105.635
Codec,12,1,pass,complete,10,10,True,0,0,False,0.6129032258064516,0.576923076923077,61.29032258064516,57.69230769230769,13.28,71.226
Codec,13,1,pass,complete,147,147,True,0,1,True,0.6964656964656964,0.517467248908297,69.64656964656965,51.7467248908297,340.417,439.305
Codec,14,1,pass,complete,51,51,True,0,10,True,0.8627858627858628,0.8407079646017699,86.27858627858627,84.070796460177,1290.972,1376.317
Codec,15,1,pass,complete,25,25,True,0,0,False,1.0,0.9117647058823529,100.0,91.17647058823529,22.296,81.114
Codec,16,1,pass,complete,5,5,True,0,0,False,0.22891566265060243,0.21333333333333332,22.89156626506024,21.333333333333332,6.301,64.297
Codec,17,1,pass,complete,58,58,True,0,0,False,0.923076923076923,0.8,92.3076923076923,80.0,116.576,191.585
Codec,18,1,pass,complete,57,57,True,0,0,False,0.923076923076923,0.8,92.3076923076923,80.0,124.175,197.748
Collections,1,1,pass,complete,179,179,True,0,0,False,0.4154786150712831,0.4308510638297872,41.54786150712831,43.08510638297872,134.373,226.672
Collections,2,1,pass,complete,85,85,True,0,1,True,0.5634408602150538,0.4626865671641791,56.344086021505376,46.26865671641791,319.54,412.521
Collections,3,1,pass,complete,71,71,True,0,0,False,0.6322188449848024,0.5163934426229508,63.22188449848024,51.63934426229508,312.705,402.615
Collections,4,1,pass,complete,16,16,True,0,2,True,0.5945945945945946,0.4375,59.45945945945946,43.75,75.13,169.427
Collections,5,1,pass,complete,2,2,True,0,0,False,0.29268292682926833,0.55,29.26829268292683,55.0,117.551,211.998
Collections,6,1,pass,complete,185,185,True,0,0,False,0.4080808080808081,0.42819148936170215,40.80808080808081,42.819148936170215,140.427,237.184
Collections,7,1,pass,complete,124,124,True,0,0,False,0.5693581780538303,0.475,56.935817805383024,47.5,337.175,436.237
Collections,8,1,pass,complete,17,17,True,0,0,False,0.7840909090909091,0.6944444444444444,78.4090909090909,69.44444444444444,29.084,120.381
Collections,9,1,pass,complete,135,135,True,0,0,False,0.570264765784114,0.475,57.026476578411405,47.5,359.311,456.576
Collections,10,1,pass,complete,16,16,True,0,0,False,0.5714285714285715,0.4375,57.142857142857146,43.75,73.523,162.357
Collections,11,1,pass,complete,25,25,True,0,0,False,0.8571428571428571,0.75,85.71428571428571,75.0,25.725,117.74
Collections,12,1,pass,complete,135,135,True,0,0,False,0.5807770961145194,0.48561151079136694,58.077709611451944,48.56115107913669,356.184,450.363
Collections,13,1,pass,complete,138,138,True,0,0,False,0.5775510204081633,0.47482014388489213,57.755102040816325,47.48201438848921,358.341,449.677
Collections,14,1,pass,complete,4,4,True,0,0,False,0.6666666666666667,1.0,66.66666666666667,100.0,9.896,99.095
Collections,15,1,pass,complete,2,2,True,0,0,False,0.2906976744186046,0.5,29.069767441860463,50.0,107.342,194.62
Collections,16,1,pass,complete,2,2,True,0,0,False,0.2906976744186046,0.5,29.069767441860463,50.0,106.055,191.162
Collections,17,1,pass,complete,6,6,True,0,1,True,1.0,1.0,100.0,100.0,12.543,102.328
Collections,18,1,pass,complete,79,79,True,0,0,False,0.8494623655913979,0.8888888888888888,84.94623655913979,88.88888888888889,103.982,204.374
Collections,19,1,pass,complete,2,2,True,0,0,False,0.17431192660550457,0.2105263157894737,17.431192660550458,21.05263157894737,130.987,224.068
Collections,20,1,pass,complete,94,94,True,0,0,False,0.7918088737201365,0.7792207792207791,79.18088737201366,77.92207792207792,98.693,197.576
Collections,21,1,pass,complete,2,2,True,0,0,False,0.17431192660550457,0.2105263157894737,17.431192660550458,21.05263157894737,136.602,244.878
Collections,22,1,pass,complete,24,24,True,0,0,False,0.37435897435897436,0.25,37.43589743589744,25.0,148.878,246.857
Collections,23,1,no run,no_generated_tests,0,0,,,,,,,,,110.723,154.942
Collections,24,1,pass,complete,2,2,True,0,0,False,0.2692307692307692,0.5833333333333334,26.923076923076923,58.333333333333336,134.826,241.558
Collections,25,1,pass,complete,67,67,True,0,0,False,0.5586854460093896,0.32539682539682535,55.86854460093897,32.53968253968254,416.056,513.78
Collections,26,1,pass,complete,25,25,True,0,0,False,0.8108108108108109,0.75,81.08108108108108,75.0,29.911,130.306
Collections,27,1,pass,complete,18,18,True,0,0,False,0.5511811023622047,0.42,55.118110236220474,42.0,92.6,188.416
Collections,28,1,pass,complete,65,65,True,0,0,False,0.2612393681652491,0.18450184501845018,26.12393681652491,18.45018450184502,404.845,501.715
Compress,1,1,pass,complete,11,11,True,0,1,True,0.3048780487804878,0.3220338983050848,30.48780487804878,32.20338983050848,36.183,108.122
Compress,2,1,pass,complete,8,8,True,0,0,False,0.2876712328767123,0.11904761904761905,28.767123287671232,11.904761904761905,26.836,104.278
Compress,3,1,pass,complete,18,18,True,0,0,False,0.37777777777777777,0.32142857142857145,37.77777777777778,32.142857142857146,40.883,113.034
Compress,4,1,pass,complete,101,101,True,0,4,True,0.3084415584415584,0.1857707509881423,30.844155844155843,18.57707509881423,211.101,288.262
Compress,5,1,pass,complete,12,12,True,0,0,False,0.30434782608695654,0.22340425531914893,30.434782608695652,22.340425531914892,42.621,112.476
Compress,6,1,pass,complete,210,210,True,0,0,False,0.698529411764706,0.6833333333333332,69.8529411764706,68.33333333333333,179.124,259.918
Compress,7,1,pass,complete,15,15,True,0,2,True,0.7777777777777777,0.736842105263158,77.77777777777777,73.6842105263158,26.942,98.756
Compress,8,1,pass,complete,15,15,True,0,3,True,0.7714285714285714,0.736842105263158,77.14285714285714,73.6842105263158,31.037,104.571
Compress,9,1,pass,complete,18,18,True,0,0,False,0.4,0.30952380952380953,40.0,30.952380952380953,40.275,115.368
Compress,10,1,pass,complete,1,1,True,0,0,False,0.052631578947368425,0.008849557522123894,5.2631578947368425,0.8849557522123894,57.21,136.729
Compress,11,1,pass,complete,5,5,True,0,0,False,0.15942028985507245,0.15217391304347827,15.942028985507246,15.217391304347826,17.17,94.009
Compress,12,1,pass,complete,20,20,True,0,0,False,0.1846153846153846,0.10909090909090909,18.46153846153846,10.909090909090908,65.067,144.919
Compress,13,1,pass,complete,301,301,True,0,0,False,0.66,0.5576923076923077,66.0,55.76923076923077,288.17,378.01
Compress,14,1,pass,complete,25,25,True,0,4,True,0.6732673267326733,0.6666666666666667,67.32673267326733,66.66666666666667,47.812,123.21
Compress,15,1,pass,complete,319,319,True,0,3,True,0.6650246305418719,0.5636363636363637,66.50246305418719,56.36363636363637,295.032,386.655
Compress,16,1,pass,complete,5,5,True,0,0,False,0.15714285714285714,0.14583333333333334,15.714285714285714,14.583333333333334,16.493,86.823
Compress,17,1,pass,complete,37,37,True,0,0,False,0.5865921787709497,0.5431034482758621,58.659217877094974,54.310344827586206,104.606,184.004
Compress,18,1,pass,complete,52,52,True,0,0,False,0.30198019801980197,0.15476190476190477,30.198019801980198,15.476190476190476,95.851,175.903
Compress,19,1,pass,complete,35,35,True,0,0,False,0.6190476190476191,0.55,61.904761904761905,55.0,219.609,323.574
Compress,20,1,pass,complete,15,15,True,0,0,False,0.26168224299065423,0.2368421052631579,26.16822429906542,23.68421052631579,37.354,118.251
Compress,21,1,pass,complete,12,12,True,0,0,False,0.41282051282051285,0.18382352941176472,41.282051282051285,18.38235294117647,74.974,154.209
Compress,22,1,pass,complete,2,2,True,0,0,False,0.00796812749003984,0.011320754716981131,0.796812749003984,1.1320754716981132,23.278,101.044
Compress,23,1,pass,complete,12,12,True,0,0,False,0.17475728155339806,0.08823529411764706,17.475728155339805,8.823529411764707,35.741,117.144
Compress,24,1,pass,complete,39,39,True,0,0,False,0.6277777777777778,0.576271186440678,62.77777777777778,57.6271186440678,104.536,181.979
Compress,25,1,pass,complete,13,13,True,0,0,False,0.1596009975062344,0.09126984126984126,15.960099750623442,9.126984126984127,79.269,158.65
Compress,26,1,pass,complete,13,13,True,0,0,False,0.5555555555555556,0.6111111111111112,55.55555555555556,61.111111111111114,22.724,103.724
Compress,27,1,pass,complete,35,35,True,0,0,False,0.601123595505618,0.5431034482758621,60.1123595505618,54.310344827586206,103.558,181.564
Compress,28,1,pass,complete,43,43,True,0,0,False,0.2488262910798122,0.09836065573770492,24.88262910798122,9.836065573770492,85.246,163.974
Compress,29,1,pass,complete,175,175,True,0,0,False,0.19266625233064016,0.11638418079096045,19.266625233064016,11.638418079096045,613.148,704.781
Compress,30,1,pass,complete,2,2,True,0,0,False,0.00816326530612245,0.011320754716981131,0.8163265306122449,1.1320754716981132,24.523,109.13
Compress,31,1,pass,complete,37,37,True,0,0,False,0.6306818181818182,0.5689655172413793,63.06818181818182,56.89655172413793,100.23,175.856
Compress,32,1,pass,complete,51,51,True,0,0,False,0.24545454545454548,0.1111111111111111,24.545454545454547,11.11111111111111,94.547,167.107
Compress,33,1,pass,complete,8,8,True,0,0,False,0.1875,0.140625,18.75,14.0625,41.346,116.57
Compress,34,1,pass,complete,14,14,True,0,0,False,0.9,0.42857142857142855,90.0,42.857142857142854,57.058,131.627
Compress,35,1,pass,complete,36,36,True,0,3,True,0.5919540229885057,0.5446428571428572,59.195402298850574,54.464285714285715,100.264,179.605
Compress,36,1,pass,complete,3,3,True,0,0,False,0.026266416510318948,0.013201320132013201,2.626641651031895,1.3201320132013201,62.405,141.029
Compress,37,1,pass,complete,51,51,True,0,0,False,0.24050632911392406,0.11842105263157895,24.050632911392405,11.842105263157896,96.576,176.7
Compress,38,1,pass,complete,403,403,True,0,0,False,0.5592105263157895,0.4405594405594405,55.921052631578945,44.05594405594405,431.682,524.406
Compress,39,1,pass,complete,31,31,True,0,0,False,0.7258064516129032,0.8333333333333333,72.58064516129032,83.33333333333333,45.191,123.205
Compress,40,1,pass,complete,7,7,True,0,0,False,0.7272727272727273,0.6666666666666667,72.72727272727273,66.66666666666667,12.045,89.572
Compress,41,1,pass,complete,13,13,True,0,0,False,0.16262135922330095,0.08846153846153847,16.262135922330096,8.846153846153847,80.968,162.195
Compress,42,1,pass,complete,406,406,True,0,2,True,0.7090163934426229,0.5757575757575758,70.90163934426229,57.57575757575758,695.292,792.898
Compress,43,1,pass,complete,132,132,True,0,0,False,0.2401500938086304,0.09666666666666666,24.015009380863038,9.666666666666666,540.513,626.048
Compress,44,1,no run,no_generated_tests,0,0,,,,,,,,,16.025,49.407
Compress,45,1,pass,complete,37,37,True,0,1,True,0.5906432748538012,0.5555555555555556,59.06432748538012,55.55555555555556,101.153,179.078
Compress,46,1,pass,complete,84,83,True,0,0,False,0.823529411764706,0.6458333333333333,82.3529411764706,64.58333333333333,96.389,165.128
Compress,47,1,pass,complete,13,13,True,0,0,False,0.15813953488372093,0.08791208791208792,15.813953488372093,8.791208791208792,70.456,130.854
Csv,1,1,pass,complete,2,2,True,0,0,False,0.2972972972972973,0.09090909090909091,29.72972972972973,9.090909090909092,7.008,54.809
Csv,2,1,no run,no_generated_tests,0,0,,,,,,,,,7.37,21.269
Csv,3,1,pass,complete,2,2,True,0,0,False,0.5263157894736842,0.40909090909090906,52.63157894736842,40.90909090909091,8.587,57.947
Csv,4,1,pass,complete,9,9,True,0,1,True,0.08,0.0,8.0,0.0,35.797,86.171
Csv,5,1,no run,no_generated_tests,0,0,,,,,,,,,30.999,44.634
Csv,6,1,no run,no_generated_tests,0,0,,,,,,,,,8.071,22.306
Csv,7,1,pass,complete,10,10,True,0,0,False,0.5544554455445545,0.3,55.445544554455445,30.0,50.024,116.86
Csv,8,1,pass,complete,5,5,True,0,0,False,0.3240223463687151,0.17142857142857143,32.402234636871505,17.142857142857142,53.975,117.749
Csv,9,1,no run,no_generated_tests,0,0,,,,,,,,,10.011,33.098
Csv,10,1,no run,no_generated_tests,0,0,,,,,,,,,51.986,71.503
Csv,11,1,pass,complete,10,10,True,0,0,False,0.5188679245283019,0.25862068965517243,51.886792452830186,25.862068965517242,62.25,132.478
Csv,12,1,pass,complete,3,3,True,0,0,False,0.3206521739130435,0.20714285714285716,32.06521739130435,20.714285714285715,56.051,126.532
Csv,13,1,pass,complete,5,5,True,0,0,False,0.18181818181818182,0.11034482758620691,18.181818181818183,11.03448275862069,141.404,213.069
Csv,14,1,pass,complete,5,5,True,0,0,False,0.22471910112359553,0.11764705882352942,22.471910112359552,11.764705882352942,72.855,146.73
Csv,15,1,pass,complete,4,4,True,0,0,False,0.2896725440806045,0.11272727272727273,28.96725440806045,11.272727272727273,89.929,156.317
Csv,16,1,pass,complete,11,11,True,0,1,True,0.5121951219512195,0.27941176470588236,51.21951219512195,27.941176470588236,81.555,146.557
Gson,1,1,pass,complete,2,2,True,0,0,False,0.41666666666666663,0.22727272727272727,41.666666666666664,22.727272727272727,75.453,146.544
Gson,2,1,pass,complete,5,5,True,0,0,False,0.20179372197309417,0.0,20.179372197309416,0.0,59.49,130.472
Gson,3,1,pass,complete,6,6,True,0,0,False,0.05813953488372093,0.0,5.813953488372093,0.0,54.186,128.699
Gson,4,1,pass,complete,122,122,True,0,0,False,0.42063492063492064,0.3752212389380531,42.06349206349206,37.52212389380531,525.45,603.46
Gson,5,1,pass,complete,9,9,True,0,0,False,0.4,0.29213483146067415,40.0,29.213483146067414,25.081,100.789
Gson,6,1,pass,complete,1,1,True,0,0,False,0.2,0.0,20.0,0.0,15.683,88.595
Gson,7,1,pass,complete,121,121,True,0,2,True,0.5073099415204678,0.4520255863539445,50.73099415204678,45.20255863539445,361.917,442.481
Gson,8,1,pass,complete,1,1,True,0,0,False,0.25806451612903225,,25.806451612903224,,4.016,70.252
Gson,9,1,pass,complete,42,42,True,0,0,False,0.26383526383526384,0.08083832335329343,26.383526383526384,8.083832335329342,344.699,425.095
Gson,10,1,pass,complete,2,2,True,0,0,False,0.06837606837606837,0.034482758620689655,6.837606837606837,3.4482758620689653,19.171,84.943
Gson,11,1,pass,complete,5,5,True,0,0,False,0.218,0.0,21.8,0.0,69.902,146.031
Gson,12,1,pass,complete,18,18,True,0,0,False,0.27976190476190477,0.13953488372093023,27.976190476190474,13.953488372093023,91.17,171.338
Gson,13,1,pass,complete,123,123,True,0,0,False,0.5080527086383602,0.4462809917355372,50.805270863836014,44.62809917355372,377.411,455.218
Gson,14,1,pass,complete,28,28,True,0,0,False,0.3868312757201646,0.3105263157894737,38.68312757201646,31.05263157894737,110.014,179.072
Gson,15,1,pass,complete,5,5,True,0,0,False,0.1414141414141414,0.021739130434782608,14.141414141414142,2.1739130434782608,127.473,200.872
Gson,16,1,pass,complete,28,28,True,0,0,False,0.3911290322580645,0.31443298969072164,39.11290322580645,31.443298969072163,98.989,175.173
Gson,17,1,no run,no_generated_tests,0,0,,,,,,,,,2.234,25.593
Gson,18,1,pass,complete,28,28,True,0,0,False,0.38645418326693226,0.3112244897959184,38.645418326693225,31.122448979591837,98.652,171.014
JacksonCore,1,1,pass,complete,88,88,True,0,1,True,0.6582914572864321,0.5504201680672269,65.82914572864321,55.04201680672269,332.127,412.239
JacksonCore,2,1,pass,complete,1,1,True,0,0,False,0.0020300446609825416,0.0005889281507656067,0.20300446609825415,0.05889281507656066,257.426,334.977
JacksonCore,3,1,pass,complete,1,1,True,0,0,False,0.003250975292587776,0.000984251968503937,0.3250975292587776,0.0984251968503937,13.104,92.791
JacksonCore,4,1,pass,complete,40,40,True,0,0,False,0.5763358778625954,0.3507462686567164,57.63358778625954,35.07462686567164,252.179,326.879
JacksonCore,5,1,pass,complete,11,11,True,0,0,False,0.42857142857142855,0.3225806451612903,42.857142857142854,32.25806451612903,11.173,87.598
JacksonCore,6,1,pass,complete,6,6,True,0,0,False,0.14285714285714288,0.08064516129032258,14.285714285714286,8.064516129032258,10.882,85.536
JacksonCore,7,1,pass,complete,37,37,True,0,0,False,0.3,0.03125,30.0,3.125,262.147,337.832
JacksonCore,8,1,pass,complete,47,47,True,0,0,False,0.5867158671586715,0.3768115942028985,58.67158671586716,37.68115942028985,255.189,326.155
JacksonCore,9,1,pass,complete,1,1,True,0,0,False,0.0012836970474967907,0.0004430660168365087,0.12836970474967907,0.044306601683650866,280.073,352.766
JacksonCore,10,1,pass,complete,14,14,True,0,0,False,0.11612903225806452,0.026315789473684213,11.612903225806452,2.6315789473684212,146.846,220.649
JacksonCore,11,1,pass,complete,14,14,True,0,0,False,0.11538461538461538,0.02611940298507463,11.538461538461538,2.611940298507463,138.923,211.208
JacksonCore,12,1,pass,complete,1,1,True,0,0,False,0.0012550988390335738,0.0004428697962798937,0.12550988390335738,0.04428697962798937,297.419,372.659
JacksonCore,13,1,pass,complete,17,17,True,0,0,False,0.967741935483871,0.9166666666666667,96.7741935483871,91.66666666666667,54.105,128.942
JacksonCore,14,1,pass,complete,36,36,True,0,0,False,0.8529411764705883,0.5,85.29411764705883,50.0,159.092,231.911
JacksonCore,15,1,pass,complete,49,49,True,0,0,False,0.1769436997319035,0.05976095617529881,17.694369973190348,5.9760956175298805,324.135,393.91
JacksonCore,16,1,pass,complete,1,1,True,0,1,True,0.18181818181818182,0.09090909090909091,18.181818181818183,9.090909090909092,10.293,86.632
JacksonCore,17,1,pass,complete,85,85,True,0,0,False,0.4601412714429869,0.367112810707457,46.01412714429869,36.7112810707457,358.444,434.891
JacksonCore,18,1,pass,complete,303,303,True,0,0,False,0.4335068622811169,0.35977859778597787,43.35068622811169,35.97785977859779,1000.957,1088.004
JacksonCore,19,1,pass,complete,1,1,True,0,0,False,0.0012511729746637473,0.00044365572315882877,0.12511729746637473,0.044365572315882874,290.582,371.449
JacksonCore,20,1,pass,complete,140,140,True,0,0,False,0.35135135135135137,0.19587628865979384,35.13513513513514,19.587628865979383,832.06,909.941
JacksonCore,21,1,pass,complete,53,53,True,0,0,False,0.18181818181818182,0.07063197026022305,18.181818181818183,7.063197026022305,372.458,453.094
JacksonCore,22,1,pass,complete,53,53,True,0,0,False,0.1837270341207349,0.07116104868913857,18.37270341207349,7.116104868913857,370.699,453.338
JacksonCore,23,1,pass,complete,62,62,True,0,0,False,0.7641509433962264,0.675,76.41509433962264,67.5,111.285,193.037
JacksonCore,24,1,no run,no_generated_tests,0,0,,,,,,,,,26.502,60.149
JacksonCore,25,1,no run,no_generated_tests,0,0,,,,,,,,,254.591,287.944
JacksonCore,26,1,pass,complete,7,7,True,0,0,False,0.02294197031039136,0.010515247108307044,2.294197031039136,1.0515247108307044,82.124,161.785
JacksonDatabind,1,1,pass,complete,60,60,True,0,2,True,0.6923076923076923,0.4519230769230769,69.23076923076923,45.19230769230769,1267.222,1374.165
JacksonDatabind,2,1,pass,complete,72,72,True,0,0,False,0.3409836065573771,0.1644295302013423,34.09836065573771,16.44295302013423,565.18,671.561
JacksonDatabind,3,1,pass,complete,3,3,True,0,0,False,0.12903225806451613,0.0,12.903225806451612,0.0,21.033,131.75
JacksonDatabind,4,1,pass,complete,3,3,True,0,0,False,0.12903225806451613,0.0,12.903225806451612,0.0,21.408,133.6
JacksonDatabind,5,1,pass,complete,6,6,True,0,0,False,0.03835616438356164,0.0036764705882352945,3.835616438356164,0.36764705882352944,150.312,263.869
JacksonDatabind,6,1,pass,complete,24,24,True,0,0,False,0.5704697986577181,0.4148936170212766,57.04697986577181,41.48936170212766,60.002,169.749
JacksonDatabind,7,1,pass,complete,72,72,True,0,0,False,0.3477564102564103,0.17857142857142858,34.77564102564103,17.857142857142858,544.501,654.476
JacksonDatabind,8,1,pass,complete,96,96,True,0,0,False,0.5344827586206897,0.234375,53.44827586206897,23.4375,179.808,296.624
JacksonDatabind,9,1,pass,complete,3,3,True,0,0,False,0.6,0.5,60.0,50.0,21.753,131.606
JacksonDatabind,10,1,pass,complete,3,3,True,0,1,True,0.02909090909090909,0.0,2.909090909090909,0.0,25.715,138.262
JacksonDatabind,11,1,pass,complete,37,37,True,0,0,False,0.38125,0.29292929292929293,38.125,29.292929292929294,1030.497,1133.3
JacksonDatabind,12,1,no run,no_generated_tests,0,0,,,,,,,,,69.506,121.752
JacksonDatabind,13,1,pass,complete,32,32,True,0,0,False,0.08333333333333334,0.014705882352941178,8.333333333333334,1.4705882352941178,1014.049,1110.203
JacksonDatabind,14,1,pass,complete,2,2,True,0,0,False,0.1099476439790576,0.03333333333333333,10.99476439790576,3.3333333333333335,104.609,198.985
JacksonDatabind,15,1,pass,complete,37,37,True,0,0,False,0.3250327653997379,0.20085470085470086,32.50327653997379,20.085470085470085,1265.692,1369.624
JacksonDatabind,16,1,pass,complete,13,13,True,0,0,False,0.5142857142857143,0.41666666666666663,51.42857142857143,41.666666666666664,64.226,160.334
JacksonDatabind,17,1,pass,complete,328,328,True,0,0,False,0.33542319749216304,0.16145833333333331,33.542319749216304,16.145833333333332,1272.49,1385.283
JacksonDatabind,18,1,no run,no_generated_tests,0,0,,,,,,,,,472.206,522.451
JacksonDatabind,19,1,pass,complete,37,37,True,0,0,False,0.35158501440922185,0.25652173913043474,35.15850144092219,25.652173913043477,1123.264,1225.975
JacksonDatabind,20,1,pass,complete,134,134,True,0,0,False,0.8387096774193549,0.6904761904761905,83.87096774193549,69.04761904761905,577.641,682.913
JacksonDatabind,21,1,pass,complete,65,65,True,0,0,False,0.2132132132132132,0.0,21.32132132132132,0.0,546.633,648.044
JacksonDatabind,22,1,no run,no_generated_tests,0,0,,,,,,,,,4.25,60.747
JacksonDatabind,23,1,pass,complete,1,1,True,0,0,False,0.4246575342465754,0.25,42.465753424657535,25.0,8.27,106.861
JacksonDatabind,24,1,pass,complete,117,117,True,0,0,False,0.6865671641791045,0.7692307692307692,68.65671641791045,76.92307692307692,744.033,851.653
JacksonDatabind,25,1,pass,complete,52,52,True,0,0,False,0.13043478260869565,0.05714285714285714,13.043478260869565,5.714285714285714,1266.895,1374.203
JacksonDatabind,26,1,pass,complete,61,61,True,0,0,False,0.46816479400749067,0.33108108108108103,46.81647940074907,33.108108108108105,1269.469,1381.003
JacksonDatabind,27,1,no run,no_generated_tests,0,0,,,,,,,,,54.269,105.425
JacksonDatabind,28,1,pass,complete,1,1,True,0,0,False,0.16129032258064516,0.15384615384615385,16.129032258064516,15.384615384615385,8.097,103.782
JacksonDatabind,29,1,no run,no_generated_tests,0,0,,,,,,,,,36.658,86.093
JacksonDatabind,30,1,pass,complete,287,287,True,0,0,False,0.1463963963963964,0.055970149253731345,14.63963963963964,5.597014925373134,1272.572,1403.091
JacksonDatabind,31,1,pass,complete,105,105,True,0,0,False,0.3450381679389313,0.1754385964912281,34.50381679389313,17.54385964912281,484.408,586.87
JacksonDatabind,32,1,pass,complete,5,5,True,0,0,False,0.09541984732824428,0.034482758620689655,9.541984732824428,3.4482758620689653,38.299,144.04
JacksonDatabind,33,1,pass,complete,66,66,True,0,0,False,0.1956521739130435,0.0,19.565217391304348,0.0,648.954,758.315
JacksonDatabind,34,1,pass,complete,3,3,True,0,0,False,0.5172413793103449,0.375,51.724137931034484,37.5,24.963,136.7
JacksonDatabind,35,1,no run,no_generated_tests,0,0,,,,,,,,,28.039,82.104
JacksonDatabind,36,1,pass,complete,25,25,True,0,0,False,0.5233160621761658,0.4461538461538461,52.33160621761658,44.61538461538461,75.575,190.038
JacksonDatabind,37,1,pass,complete,2,2,True,0,0,False,0.16417910447761194,0.09375,16.417910447761194,9.375,11.93,125.88
JacksonDatabind,38,1,pass,complete,4,4,True,0,0,False,0.13934426229508198,0.07142857142857144,13.934426229508198,7.142857142857143,42.253,163.999
JacksonDatabind,39,1,pass,complete,2,2,True,0,0,False,0.5714285714285715,0.0,57.142857142857146,0.0,16.788,137.248
JacksonDatabind,40,1,pass,complete,1,1,True,0,0,False,0.0365296803652968,0.015384615384615385,3.65296803652968,1.5384615384615385,11.334,135.436
JacksonDatabind,41,1,pass,complete,35,35,True,0,0,False,0.41002949852507375,0.3427230046948357,41.00294985250738,34.27230046948357,1208.793,1334.164
JacksonDatabind,42,1,pass,complete,4,4,True,0,0,False,0.16363636363636364,0.1518987341772152,16.363636363636363,15.189873417721518,25.57,146.891
JacksonDatabind,43,1,no run,no_generated_tests,0,0,,,,,,,,,48.119,109.705
JacksonDatabind,44,1,pass,complete,2,2,True,0,0,False,0.21333333333333332,0.1388888888888889,21.333333333333332,13.88888888888889,11.981,127.541
JacksonDatabind,45,1,pass,complete,10,10,True,0,0,False,0.425,0.3125,42.5,31.25,56.695,169.279
JacksonDatabind,46,1,no run,no_generated_tests,0,0,,,,,,,,,8.094,68.095
JacksonDatabind,47,1,pass,complete,75,75,True,0,0,False,0.06145251396648045,0.0,6.145251396648045,0.0,561.891,673.14
JacksonDatabind,48,1,pass,complete,206,206,True,0,0,False,0.5360281195079086,0.3425196850393701,53.60281195079086,34.25196850393701,1267.656,1385.685
JacksonDatabind,49,1,pass,complete,3,3,True,0,0,False,0.42857142857142855,0.08333333333333334,42.857142857142854,8.333333333333334,14.612,117.206
JacksonDatabind,50,1,no run,no_generated_tests,0,0,,,,,,,,,80.617,137.174
JacksonDatabind,51,1,pass,complete,14,14,True,0,0,False,0.3918918918918919,0.08823529411764706,39.189189189189186,8.823529411764707,38.376,145.129
JacksonDatabind,52,1,no run,no_generated_tests,0,0,,,,,,,,,405.869,460.894
JacksonDatabind,53,1,pass,complete,48,48,True,0,0,False,0.43168316831683173,0.34971098265895956,43.16831683168317,34.971098265895954,1266.469,1370.164
JacksonDatabind,54,1,no run,no_generated_tests,0,0,,,,,,,,,9.645,71.243
JacksonDatabind,55,1,pass,complete,3,3,True,0,0,False,0.18032786885245902,0.16216216216216217,18.0327868852459,16.216216216216218,20.152,123.364
JacksonDatabind,56,1,pass,complete,4,4,True,0,0,False,0.16071428571428573,0.14814814814814814,16.071428571428573,14.814814814814815,21.702,123.471
JacksonDatabind,57,1,pass,complete,2,2,True,0,0,False,0.10294117647058824,0.032051282051282055,10.294117647058824,3.2051282051282053,120.343,230.848
JacksonDatabind,58,1,pass,complete,5,5,True,0,0,False,0.037383177570093455,0.010204081632653062,3.7383177570093458,1.0204081632653061,64.946,164.746
JacksonDatabind,59,1,pass,complete,78,78,True,0,0,False,0.29577464788732394,0.2012779552715655,29.577464788732396,20.12779552715655,1260.53,1377.854
JacksonDatabind,60,1,no run,no_generated_tests,0,0,,,,,,,,,47.926,106.828
JacksonDatabind,61,1,pass,complete,279,279,True,0,0,False,0.26865671641791045,0.12396694214876033,26.865671641791046,12.396694214876034,1261.545,1389.15
JacksonDatabind,62,1,pass,complete,7,7,True,0,0,False,0.15267175572519084,0.07142857142857144,15.267175572519085,7.142857142857143,51.092,153.207
JacksonDatabind,63,1,pass,complete,90,90,True,0,0,False,0.5691056910569106,0.34090909090909094,56.91056910569106,34.09090909090909,105.233,205.708
JacksonDatabind,64,1,no run,no_generated_tests,0,0,,,,,,,,,10.32,65.364
JacksonDatabind,66,1,pass,complete,1,1,True,0,0,False,0.08974358974358974,0.021052631578947368,8.974358974358974,2.1052631578947367,6.511,106.461
JacksonDatabind,67,1,pass,complete,23,23,True,0,0,False,0.06557377049180328,0.006535947712418301,6.557377049180328,0.6535947712418301,358.169,461.826
JacksonDatabind,68,1,no run,no_generated_tests,0,0,,,,,,,,,317.571,368.226
JacksonDatabind,69,1,no run,no_generated_tests,0,0,,,,,,,,,163.637,215.09
JacksonDatabind,70,1,pass,complete,24,24,True,0,0,False,0.34070796460176994,0.21014492753623187,34.07079646017699,21.014492753623188,323.211,442.48
JacksonDatabind,71,1,pass,complete,1,1,True,0,0,False,0.09395973154362416,0.021052631578947368,9.395973154362416,2.1052631578947367,7.497,116.126
JacksonDatabind,72,1,no run,no_generated_tests,0,0,,,,,,,,,57.111,116.616
JacksonDatabind,73,1,pass,complete,98,98,True,0,0,False,0.22844827586206898,0.11592178770949721,22.844827586206897,11.59217877094972,655.381,775.651
JacksonDatabind,74,1,pass,complete,4,4,True,0,0,False,0.2,0.03125,20.0,3.125,26.891,137.255
JacksonDatabind,75,1,no run,no_generated_tests,0,0,,,,,,,,,47.304,107.462
JacksonDatabind,76,1,no run,no_generated_tests,0,0,,,,,,,,,71.527,141.497
JacksonDatabind,77,1,pass,complete,5,5,True,0,0,False,0.037037037037037035,0.009900990099009901,3.7037037037037037,0.9900990099009901,80.939,213.974
JacksonDatabind,78,1,pass,complete,5,5,True,0,0,False,0.03550295857988166,0.009523809523809523,3.5502958579881656,0.9523809523809523,83.845,217.663
JacksonDatabind,79,1,pass,complete,98,98,True,0,0,False,0.31363088057901084,0.15949820788530467,31.363088057901084,15.949820788530467,1230.948,1333.877
JacksonDatabind,80,1,pass,complete,6,6,True,0,0,False,0.12096774193548387,0.06410256410256411,12.096774193548388,6.410256410256411,34.032,162.62
JacksonDatabind,81,1,pass,complete,76,76,True,0,0,False,0.18796992481203006,0.01643835616438356,18.796992481203006,1.643835616438356,883.541,990.943
JacksonDatabind,82,1,pass,complete,5,5,True,0,0,False,0.0676056338028169,0.009433962264150943,6.76056338028169,0.9433962264150944,82.371,200.965
JacksonDatabind,83,1,pass,complete,4,4,True,0,0,False,0.1557377049180328,0.14772727272727273,15.573770491803279,14.772727272727273,27.306,158.368
JacksonDatabind,84,1,pass,complete,15,15,True,0,0,False,0.8333333333333333,0.42857142857142855,83.33333333333333,42.857142857142854,64.084,193.659
JacksonDatabind,85,1,pass,complete,10,10,True,0,0,False,0.3953488372093023,0.2631578947368421,39.53488372093023,26.31578947368421,59.007,179.138
JacksonDatabind,86,1,pass,complete,15,15,True,0,0,False,0.8333333333333333,0.42857142857142855,83.33333333333333,42.857142857142854,63.981,181.834
JacksonDatabind,87,1,pass,complete,28,28,True,0,0,False,0.7029702970297029,0.5882352941176471,70.29702970297029,58.8235294117647,84.011,205.707
JacksonDatabind,88,1,pass,complete,6,6,True,0,0,False,0.2916666666666667,0.11538461538461538,29.166666666666668,11.538461538461538,39.154,162.264
JacksonDatabind,90,1,pass,complete,162,162,True,0,0,False,0.5159817351598174,0.375,51.598173515981735,37.5,715.836,819.978
JacksonDatabind,91,1,pass,complete,38,38,True,0,0,False,0.40243902439024387,0.23770491803278687,40.24390243902439,23.770491803278688,1267.471,1369.901
JacksonDatabind,92,1,pass,complete,5,5,True,0,0,False,0.0728862973760933,0.00980392156862745,7.288629737609329,0.9803921568627451,66.722,164.043
JacksonDatabind,93,1,pass,complete,1,1,True,0,0,False,0.6388888888888888,0.0,63.888888888888886,0.0,12.483,106.84
JacksonDatabind,94,1,pass,complete,1,1,True,0,0,False,0.6,0.0,60.0,0.0,13.52,106.561
JacksonDatabind,95,1,pass,complete,38,38,True,0,0,False,0.37254901960784315,0.2952029520295203,37.254901960784316,29.52029520295203,1249.249,1356.686
JacksonDatabind,96,1,pass,complete,23,23,True,0,0,False,0.05849268841394825,0.0065146579804560255,5.849268841394825,0.6514657980456026,414.214,528.025
JacksonDatabind,97,1,pass,complete,17,17,True,0,0,False,0.6097560975609756,0.5294117647058824,60.97560975609756,52.94117647058823,57.404,160.429
JacksonDatabind,98,1,pass,complete,1,1,True,0,0,False,0.028985507246376812,0.0,2.898550724637681,0.0,47.3,143.162
JacksonDatabind,99,1,pass,complete,1,1,True,0,0,False,0.02857142857142857,0.03571428571428572,2.857142857142857,3.5714285714285716,25.147,124.326
JacksonDatabind,100,1,no run,no_generated_tests,0,0,,,,,,,,,113.821,171.894
JacksonDatabind,101,1,no run,no_generated_tests,0,0,,,,,,,,,88.709,149.786
JacksonDatabind,102,1,pass,complete,9,9,True,0,1,True,0.23943661971830985,0.17307692307692307,23.943661971830984,17.307692307692307,45.866,148.573
JacksonDatabind,103,1,pass,complete,47,47,True,0,0,False,0.07894736842105263,0.03905325443786982,7.894736842105263,3.905325443786982,1263.539,1388.703
JacksonDatabind,104,1,pass,complete,37,37,True,0,0,False,0.6176470588235294,0.5365853658536586,61.76470588235294,53.65853658536585,84.584,190.969
JacksonDatabind,105,1,pass,complete,1,1,True,0,0,False,0.368421052631579,0.08333333333333334,36.8421052631579,8.333333333333334,7.704,116.511
JacksonDatabind,106,1,no run,no_generated_tests,0,0,,,,,,,,,116.004,172.682
JacksonDatabind,107,1,pass,complete,8,8,True,0,0,False,0.3896103896103896,0.0,38.96103896103896,0.0,46.574,155.013
JacksonDatabind,108,1,pass,complete,3,3,True,0,0,False,0.16397228637413394,0.1043956043956044,16.397228637413395,10.43956043956044,185.711,298.022
JacksonDatabind,109,1,pass,complete,5,5,True,0,0,False,0.5053763440860215,0.325,50.53763440860215,32.5,38.095,146.182
JacksonDatabind,110,1,pass,complete,2,2,True,0,0,False,0.22413793103448276,0.0,22.413793103448278,0.0,65.732,178.714
JacksonDatabind,111,1,pass,complete,7,7,True,0,1,True,0.028985507246376812,0.0,2.898550724637681,0.0,626.89,745.63
JacksonDatabind,112,1,pass,complete,7,7,True,0,0,False,0.2159090909090909,0.06896551724137931,21.59090909090909,6.896551724137931,56.869,168.709
JacksonXml,1,1,pass,complete,140,140,True,0,0,False,0.653061224489796,0.5374149659863946,65.3061224489796,53.74149659863946,340.705,415.934
JacksonXml,2,1,pass,complete,27,27,True,0,0,False,0.3941176470588236,0.3783783783783784,39.411764705882355,37.83783783783784,118.156,188.293
JacksonXml,3,1,pass,complete,141,141,True,0,1,True,0.6576271186440679,0.5364238410596027,65.76271186440678,53.64238410596027,366.178,451.791
JacksonXml,4,1,pass,complete,7,7,True,0,0,False,0.20168067226890757,0.15517241379310345,20.168067226890756,15.517241379310345,19.308,88.112
JacksonXml,5,1,pass,complete,6,6,True,0,0,False,0.32291666666666663,0.1875,32.291666666666664,18.75,20.178,96.665
JacksonXml,6,1,no run,no_generated_tests,0,0,,,,,,,,,344.788,368.401
Jsoup,1,1,pass,complete,22,22,True,0,0,False,0.9347826086956522,0.8888888888888888,93.47826086956522,88.88888888888889,181.617,257.176
Jsoup,2,1,pass,complete,9,9,True,0,0,False,0.20987654320987656,0.11627906976744186,20.987654320987655,11.627906976744185,125.18,202.96
Jsoup,3,1,pass,complete,38,38,True,0,0,False,0.40472175379426645,0.12244897959183673,40.472175379426645,12.244897959183673,820.91,884.923
Jsoup,4,1,pass,complete,13,13,True,0,0,False,0.9890260631001372,0.3846153846153846,98.90260631001372,38.46153846153846,481.428,639.472
Jsoup,5,1,pass,complete,10,10,True,0,0,False,0.22674418604651161,0.11956521739130435,22.674418604651162,11.956521739130435,169.144,230.266
Jsoup,6,1,pass,complete,17,17,True,0,0,False,0.9890260631001372,0.3846153846153846,98.90260631001372,38.46153846153846,494.508,646.097
Jsoup,7,1,pass,complete,26,26,True,0,0,False,0.8,0.8461538461538461,80.0,84.61538461538461,277.401,334.72
Jsoup,8,1,pass,complete,38,38,True,0,2,True,0.712230215827338,0.55,71.22302158273381,55.0,326.364,387.513
Jsoup,9,1,pass,complete,17,17,True,0,0,False,0.9890760127446518,0.4230769230769231,98.90760127446518,42.30769230769231,511.02,657.0
Jsoup,10,1,pass,complete,37,37,True,0,0,False,0.7272727272727273,0.5833333333333334,72.72727272727273,58.333333333333336,347.877,404.604
Jsoup,11,1,pass,complete,6,6,True,0,0,False,0.06565656565656566,0.016666666666666666,6.565656565656566,1.6666666666666667,33.646,99.172
Jsoup,12,1,pass,complete,8,8,True,0,0,False,0.07339449541284404,0.022727272727272728,7.339449541284404,2.272727272727273,36.296,97.145
Jsoup,13,1,pass,complete,67,67,True,0,0,False,0.6391752577319587,0.484375,63.91752577319588,48.4375,312.416,373.908
Jsoup,14,1,pass,complete,28,28,True,0,0,False,0.12871287128712872,0.020930232558139538,12.871287128712872,2.0930232558139537,750.179,822.196
Jsoup,15,1,pass,complete,22,22,True,0,0,False,0.11584800741427248,0.05890227576974565,11.584800741427248,5.890227576974565,357.003,419.487
Jsoup,16,1,pass,complete,1,1,True,0,0,False,0.42857142857142855,0.0,42.857142857142854,0.0,5.45,67.482
Jsoup,17,1,pass,complete,22,22,True,0,0,False,0.11584800741427248,0.05890227576974565,11.584800741427248,5.890227576974565,354.744,426.19
Jsoup,18,1,pass,complete,12,12,True,0,0,False,0.1752577319587629,0.12195121951219512,17.52577319587629,12.195121951219512,249.046,309.813
Jsoup,19,1,pass,complete,28,28,True,0,0,False,0.7959183673469387,0.3846153846153846,79.59183673469387,38.46153846153846,99.307,165.342
Jsoup,20,1,pass,complete,7,7,True,0,0,False,0.22727272727272727,0.0,22.727272727272727,0.0,30.133,99.528
Jsoup,21,1,pass,complete,3,3,True,0,0,False,0.43386243386243384,0.41666666666666663,43.386243386243386,41.666666666666664,9.149,76.856
Jsoup,22,1,pass,complete,225,225,True,0,59,True,0.4062968515742129,0.27941176470588236,40.62968515742129,27.941176470588236,1299.803,1374.425
Jsoup,23,1,pass,complete,17,17,True,0,0,False,0.20276497695852533,0.1118421052631579,20.276497695852534,11.18421052631579,459.874,519.901
Jsoup,24,1,pass,complete,6,6,True,0,0,False,0.11882845188284519,0.005649717514124294,11.882845188284518,0.5649717514124294,151.541,223.077
Jsoup,25,1,pass,complete,15,15,True,0,0,False,0.6444444444444444,0.043478260869565216,64.44444444444444,4.3478260869565215,270.688,337.668
Jsoup,26,1,pass,complete,6,6,True,0,1,True,0.42857142857142855,0.35714285714285715,42.857142857142854,35.714285714285715,80.466,144.083
Jsoup,27,1,pass,complete,7,7,True,0,0,False,0.20833333333333331,0.0,20.833333333333332,0.0,29.644,88.962
Jsoup,28,1,pass,complete,41,41,True,0,0,False,0.4852320675105485,0.24074074074074073,48.52320675105485,24.074074074074073,502.026,569.246
Jsoup,29,1,pass,complete,24,24,True,0,0,False,0.735042735042735,0.4722222222222222,73.5042735042735,47.22222222222222,247.115,310.983
Jsoup,30,1,pass,complete,6,6,True,0,1,True,0.44,0.4375,44.0,43.75,77.98,137.217
Jsoup,31,1,pass,complete,6,6,True,0,0,False,0.13706705969049374,0.02444987775061125,13.706705969049374,2.444987775061125,158.94,227.81
Jsoup,32,1,pass,complete,16,16,True,0,0,False,0.14521452145214522,0.05714285714285714,14.521452145214521,5.714285714285714,650.679,718.512
Jsoup,33,1,pass,complete,18,18,True,0,0,False,0.23155216284987276,0.18316831683168316,23.155216284987276,18.316831683168317,261.988,329.509
Jsoup,34,1,pass,complete,8,8,True,0,0,False,0.18382352941176472,0.11538461538461538,18.38235294117647,11.538461538461538,142.498,208.549
Jsoup,35,1,pass,complete,2,2,True,0,0,False,0.04452690166975882,0.0,4.452690166975882,0.0,14.859,84.835
Jsoup,36,1,pass,complete,7,7,True,0,0,False,0.2333333333333333,0.052631578947368425,23.333333333333332,5.2631578947368425,33.429,100.667
Jsoup,37,1,pass,complete,20,20,True,0,0,False,0.2019543973941368,0.09868421052631579,20.19543973941368,9.868421052631579,777.415,845.235
Jsoup,38,1,pass,complete,2,2,True,0,0,False,0.04375569735642662,0.0,4.375569735642662,0.0,15.543,84.721
Jsoup,39,1,pass,complete,7,7,True,0,0,False,0.18666666666666668,0.043478260869565216,18.666666666666668,4.3478260869565215,35.603,101.467
Jsoup,40,1,pass,complete,1,1,True,0,0,False,0.411764705882353,0.0,41.1764705882353,0.0,6.004,74.333
Jsoup,41,1,pass,complete,19,19,True,0,0,False,0.19631901840490798,0.08045977011494253,19.631901840490798,8.045977011494253,782.317,861.129
Jsoup,42,1,no run,no_generated_tests,0,0,,,,,,,,,32.139,56.185
Jsoup,43,1,pass,complete,19,19,True,0,0,False,0.19817073170731705,0.08045977011494253,19.817073170731707,8.045977011494253,795.271,873.743
Jsoup,44,1,pass,complete,6,6,True,0,0,False,0.9666666666666667,0.75,96.66666666666667,75.0,123.291,203.194
Jsoup,45,1,pass,complete,18,18,True,0,0,False,0.2712765957446809,0.18811881188118812,27.127659574468087,18.81188118811881,276.748,350.174
Jsoup,46,1,pass,complete,10,10,True,0,0,False,0.635593220338983,0.33333333333333337,63.559322033898304,33.333333333333336,88.478,155.877
Jsoup,47,1,pass,complete,10,10,True,0,0,False,0.635593220338983,0.33333333333333337,63.559322033898304,33.333333333333336,88.376,155.496
Jsoup,48,1,pass,complete,6,6,True,0,0,False,0.08742004264392325,0.0058823529411764705,8.742004264392325,0.5882352941176471,65.281,142.903
Jsoup,49,1,pass,complete,91,91,True,0,0,False,0.6709956709956709,0.4411764705882353,67.0995670995671,44.11764705882353,521.077,596.307
Jsoup,50,1,pass,complete,7,7,True,0,0,False,0.18888888888888888,0.04,18.88888888888889,4.0,37.657,112.61
Jsoup,51,1,pass,complete,16,16,True,0,0,False,0.2205128205128205,0.1075268817204301,22.05128205128205,10.75268817204301,168.722,241.513
Jsoup,52,1,pass,complete,13,13,True,0,3,True,0.27692307692307694,0.05691056910569106,27.692307692307693,5.691056910569106,84.332,156.658
Jsoup,53,1,pass,complete,69,69,True,0,0,False,0.9846153846153847,0.9351851851851852,98.46153846153847,93.51851851851852,146.557,218.377
Jsoup,54,1,pass,complete,5,5,True,0,0,False,0.23943661971830985,0.07692307692307693,23.943661971830984,7.6923076923076925,25.129,92.48
Jsoup,55,1,pass,complete,6,6,True,0,0,False,0.13153310104529617,0.006153846153846154,13.153310104529616,0.6153846153846154,175.077,246.696
Jsoup,56,1,pass,complete,22,22,True,0,0,False,0.15150300601202404,0.04961505560307956,15.150300601202405,4.961505560307955,537.737,618.539
Jsoup,57,1,pass,complete,20,20,True,0,0,False,0.4251968503937008,0.2368421052631579,42.51968503937008,23.68421052631579,104.05,176.413
Jsoup,58,1,pass,complete,26,26,True,0,1,True,0.6141732283464567,0.4375,61.41732283464567,43.75,531.349,604.957
Jsoup,59,1,pass,complete,4,4,True,0,0,False,0.4875,0.22727272727272727,48.75,22.727272727272727,155.923,225.423
Jsoup,60,1,pass,complete,146,146,True,0,5,True,0.6246575342465753,0.6434108527131782,62.465753424657535,64.34108527131782,342.992,423.563
Jsoup,61,1,pass,complete,121,121,True,0,0,False,0.7357954545454546,0.40217391304347827,73.57954545454545,40.21739130434783,1058.136,1141.622
Jsoup,62,1,pass,complete,2,2,True,0,0,False,0.043517679057116954,0.0,4.351767905711696,0.0,16.636,90.675
Jsoup,63,1,pass,complete,78,78,True,0,0,False,0.292817679558011,0.18243243243243243,29.281767955801104,18.243243243243242,1197.904,1282.679
Jsoup,64,1,pass,complete,2,2,True,0,0,False,0.04363636363636363,0.0,4.363636363636363,0.0,17.233,87.568
Jsoup,65,1,pass,complete,40,40,True,0,0,False,0.16205266711681296,0.08850457782299084,16.205266711681297,8.850457782299085,525.757,607.874
Jsoup,66,1,pass,complete,125,125,True,0,0,False,0.7717948717948718,0.4411764705882353,77.17948717948718,44.11764705882353,1073.862,1151.566
Jsoup,67,1,pass,complete,36,36,True,0,0,False,0.2992125984251969,0.21,29.921259842519685,21.0,462.103,537.02
Jsoup,68,1,pass,complete,38,38,True,0,0,False,0.29842931937172773,0.2058823529411765,29.842931937172775,20.58823529411765,463.944,541.696
Jsoup,69,1,no run,no_generated_tests,0,0,,,,,,,,,28.111,53.061
Jsoup,70,1,pass,complete,136,136,True,0,0,False,0.7690355329949239,0.44174757281553395,76.90355329949239,44.1747572815534,1146.843,1231.155
Jsoup,71,1,pass,complete,83,83,True,0,0,False,0.24418604651162792,0.22580645161290325,24.41860465116279,22.580645161290324,257.601,337.949
Jsoup,72,1,pass,complete,28,28,True,0,0,False,0.35526315789473684,0.19696969696969696,35.526315789473685,19.696969696969695,158.903,240.192
Jsoup,73,1,pass,complete,5,5,True,0,0,False,0.23943661971830985,0.07142857142857144,23.943661971830984,7.142857142857143,37.92,118.589
Jsoup,74,1,pass,complete,33,33,True,0,0,False,0.9036144578313252,0.8648648648648648,90.36144578313252,86.48648648648648,59.322,137.916
Jsoup,75,1,pass,complete,45,45,True,0,0,False,0.625,0.4761904761904762,62.5,47.61904761904762,325.298,407.345
Jsoup,76,1,pass,complete,2,2,True,0,0,False,0.04343891402714932,0.0,4.343891402714932,0.0,19.295,99.185
Jsoup,77,1,pass,complete,1,1,True,0,0,False,0.2898550724637681,0.0967741935483871,28.985507246376812,9.67741935483871,23.322,103.145
Jsoup,78,1,pass,complete,9,9,True,0,0,False,0.10091743119266056,0.03409090909090909,10.091743119266056,3.409090909090909,96.319,173.108
Jsoup,79,1,pass,complete,17,17,True,0,0,False,0.9393939393939393,0.8571428571428571,93.93939393939394,85.71428571428571,164.389,238.935
Jsoup,80,1,pass,complete,1,1,True,0,0,False,0.2898550724637681,0.0967741935483871,28.985507246376812,9.67741935483871,23.919,99.779
Jsoup,81,1,pass,complete,9,9,True,0,0,False,0.09401709401709402,0.031914893617021274,9.401709401709402,3.1914893617021276,96.681,177.932
Jsoup,82,1,pass,complete,9,9,True,0,0,False,0.09734513274336283,0.03125,9.734513274336283,3.125,101.755,176.201
Jsoup,83,1,pass,complete,44,44,True,0,0,False,0.23689877961234745,0.18386491557223267,23.689877961234746,18.386491557223266,537.68,616.712
Jsoup,84,1,pass,complete,5,5,True,0,0,False,0.2236842105263158,0.07142857142857144,22.36842105263158,7.142857142857143,39.067,114.649
Jsoup,85,1,pass,complete,21,21,True,0,0,False,0.7384615384615384,0.4,73.84615384615384,40.0,130.447,208.14
Jsoup,86,1,pass,complete,6,6,True,0,0,False,1.0,0.6,100.0,60.0,56.397,132.96
Jsoup,87,1,pass,complete,147,147,True,0,0,False,0.30558325024925226,0.13423351866560762,30.558325024925225,13.423351866560763,1298.271,1380.436
Jsoup,88,1,pass,complete,22,22,True,0,0,False,0.7424242424242425,0.4,74.24242424242425,40.0,131.053,205.181
Jsoup,89,1,pass,complete,22,22,True,0,4,True,0.7424242424242425,0.4,74.24242424242425,40.0,122.777,198.993
Jsoup,90,1,pass,complete,43,43,True,0,0,False,0.3674496644295302,0.1581196581196581,36.74496644295302,15.811965811965813,435.581,516.311
Jsoup,91,1,pass,complete,29,29,True,0,0,False,0.38152610441767065,0.2368421052631579,38.15261044176707,23.68421052631579,159.505,234.515
Jsoup,92,1,pass,complete,99,99,True,0,4,True,0.4918648310387985,0.33608815426997246,49.18648310387985,33.608815426997246,1146.362,1228.059
Jsoup,93,1,no run,no_generated_tests,0,0,,,,,,,,,26.679,49.812
JxPath,1,1,pass,complete,152,152,True,0,0,False,0.2315653298835705,0.13129496402877697,23.15653298835705,13.129496402877697,466.147,542.319
JxPath,2,1,pass,complete,7,7,True,0,0,False,0.4736842105263158,0.41666666666666663,47.36842105263158,41.666666666666664,25.097,98.663
JxPath,3,1,pass,complete,50,50,True,0,0,False,0.42857142857142855,0.1923076923076923,42.857142857142854,19.23076923076923,108.715,177.767
JxPath,4,1,pass,complete,152,152,True,0,0,False,0.2333333333333333,0.1336996336996337,23.333333333333332,13.36996336996337,489.11,568.223
JxPath,5,1,pass,complete,120,120,True,0,0,False,0.5586592178770949,0.3153846153846154,55.865921787709496,31.53846153846154,409.473,484.815
JxPath,6,1,no run,no_generated_tests,0,0,,,,,,,,,3.336,29.344
JxPath,7,1,pass,complete,4,4,True,0,0,False,0.5,0.0,50.0,0.0,21.27,99.013
JxPath,8,1,pass,complete,1,1,True,0,0,False,0.07692307692307693,0.0,7.6923076923076925,0.0,5.989,74.482
JxPath,9,1,pass,complete,2,2,True,0,0,False,0.12698412698412698,0.0,12.698412698412698,0.0,13.587,82.739
JxPath,10,1,pass,complete,1,1,True,0,0,False,0.06976744186046512,0.0,6.976744186046512,0.0,6.368,78.857
JxPath,11,1,no run,no_generated_tests,0,0,,,,,,,,,28.605,51.961
JxPath,12,1,pass,complete,80,80,True,0,0,False,0.22991689750692523,0.11610486891385768,22.991689750692522,11.610486891385769,230.486,305.497
JxPath,13,1,pass,complete,88,88,True,0,1,True,0.2753623188405797,0.1419141914191419,27.536231884057973,14.191419141914192,283.952,358.873
JxPath,14,1,pass,complete,25,25,True,0,0,False,0.15774647887323945,0.12735849056603774,15.774647887323944,12.735849056603774,55.956,123.178
JxPath,15,1,pass,complete,4,4,True,0,0,False,0.6666666666666667,0.5,66.66666666666667,50.0,11.838,81.014
JxPath,16,1,pass,complete,158,158,True,0,0,False,0.2451108213820078,0.13682432432432431,24.51108213820078,13.682432432432432,530.281,614.925
JxPath,17,1,no run,no_generated_tests,0,0,,,,,,,,,28.463,50.381
JxPath,18,1,pass,complete,4,4,True,0,0,False,0.7586206896551724,0.6428571428571429,75.86206896551724,64.28571428571429,18.788,90.251
JxPath,19,1,pass,complete,158,158,True,0,0,False,0.23901098901098902,0.13190730837789663,23.9010989010989,13.190730837789662,535.322,631.569
JxPath,20,1,pass,complete,1,1,True,0,0,False,0.06976744186046512,0.0,6.976744186046512,0.0,6.772,76.236
JxPath,21,1,pass,complete,23,23,True,0,0,False,0.5,0.17307692307692307,50.0,17.307692307692307,139.905,216.077
JxPath,22,1,pass,complete,83,83,True,0,0,False,0.2288135593220339,0.1094890510948905,22.88135593220339,10.94890510948905,264.178,345.148
Lang,1,1,pass,complete,131,131,True,0,0,False,0.9253333333333333,0.772189349112426,92.53333333333333,77.2189349112426,280.622,383.322
Lang,3,1,pass,complete,132,132,True,0,0,False,0.932975871313673,0.7934131736526946,93.2975871313673,79.34131736526946,273.43,374.038
Lang,4,1,pass,complete,2,2,True,0,0,False,0.96,0.9285714285714286,96.0,92.85714285714286,6.896,111.08
Lang,5,1,pass,complete,22,22,True,0,0,False,0.8658536585365852,0.7321428571428571,86.58536585365853,73.21428571428571,32.805,131.694
Lang,6,1,pass,complete,6,6,True,0,0,False,0.9,0.9166666666666667,90.0,91.66666666666667,20.122,115.09
Lang,7,1,pass,complete,129,129,True,0,0,False,0.9026315789473683,0.7814207650273224,90.26315789473684,78.14207650273224,262.984,347.391
Lang,8,1,pass,complete,177,148,True,0,0,False,0.8605341246290802,0.7266666666666667,86.05341246290801,72.66666666666667,439.361,537.276
Lang,9,1,pass,complete,6,6,True,0,0,False,0.6153846153846154,0.4634146341463415,61.53846153846154,46.34146341463415,37.694,136.112
Lang,10,1,pass,complete,6,6,True,0,0,False,0.6236559139784946,0.47244094488188976,62.365591397849464,47.24409448818898,40.365,140.876
Lang,11,1,pass,complete,27,27,True,0,0,False,0.6071428571428572,0.46296296296296297,60.714285714285715,46.2962962962963,634.368,728.647
Lang,12,1,pass,complete,26,26,True,0,2,True,0.6923076923076923,0.5208333333333334,69.23076923076923,52.083333333333336,520.599,596.468
Lang,13,1,pass,complete,5,5,True,0,0,False,0.421875,0.5714285714285715,42.1875,57.142857142857146,13.884,86.127
Lang,14,1,pass,complete,453,453,True,0,0,False,0.6888544891640866,0.7063978965819457,68.88544891640866,70.63978965819457,1286.729,1410.25
Lang,15,1,pass,complete,24,24,True,0,0,False,0.2809364548494983,0.25704225352112675,28.093645484949832,25.704225352112676,57.123,127.486
Lang,16,1,pass,complete,129,129,True,0,0,False,0.912,0.7793296089385475,91.2,77.93296089385476,209.944,291.359
Lang,17,1,pass,complete,7,7,True,0,0,False,0.9090909090909091,0.9285714285714286,90.9090909090909,92.85714285714286,18.922,103.727
Lang,19,1,pass,complete,1,1,True,0,0,False,0.14814814814814814,0.05555555555555555,14.814814814814815,5.555555555555555,4.612,96.841
Lang,20,1,pass,complete,361,361,True,0,2,True,0.5493066255778121,0.5526544821583986,54.930662557781204,55.26544821583986,1278.011,1398.124
Lang,21,1,pass,complete,80,74,True,0,0,False,0.7084639498432602,0.5412844036697247,70.84639498432603,54.12844036697248,304.413,433.441
Lang,22,1,pass,complete,32,32,True,0,0,False,0.4352517985611511,0.39361702127659576,43.52517985611511,39.361702127659576,33.42,139.818
Lang,23,1,pass,complete,12,12,True,0,0,False,0.23952095808383234,0.09090909090909091,23.952095808383234,9.090909090909092,37.619,151.084
Lang,24,1,pass,complete,129,129,True,0,0,False,0.9069148936170213,0.7724719101123596,90.69148936170212,77.24719101123596,322.202,433.891
Lang,26,1,pass,complete,269,249,True,0,0,False,0.8903225806451612,0.7543859649122807,89.03225806451613,75.43859649122807,502.597,667.061
Lang,27,1,pass,complete,130,130,True,0,0,False,0.9171122994652408,0.7954545454545454,91.71122994652407,79.54545454545455,319.209,425.119
Lang,28,1,pass,complete,1,1,True,0,0,False,0.15,0.07142857142857144,15.0,7.142857142857143,5.82,112.072
Lang,29,1,pass,complete,9,8,True,0,0,False,0.8581560283687943,0.54,85.81560283687944,54.0,20.001,151.323
Lang,30,1,pass,complete,409,409,True,0,0,False,0.687973086627418,0.6957345971563982,68.7973086627418,69.57345971563981,1277.024,1396.62
Lang,31,1,pass,complete,419,419,True,0,0,False,0.6901528013582343,0.7023923444976077,69.01528013582343,70.23923444976077,1278.956,1403.363
Lang,32,1,pass,complete,76,76,True,0,0,False,0.8356164383561644,0.7209302325581395,83.56164383561644,72.09302325581395,160.158,257.04
Lang,33,1,pass,complete,68,68,True,0,0,False,0.5909090909090909,0.39351851851851855,59.09090909090909,39.351851851851855,273.742,380.967
Lang,34,1,pass,complete,538,532,True,0,0,False,0.8757281553398059,0.7314814814814815,87.57281553398059,73.14814814814815,576.648,702.074
Lang,35,1,pass,complete,338,338,True,0,0,False,0.6919087136929462,0.5508684863523573,69.19087136929461,55.08684863523573,1281.593,1393.437
Lang,36,1,pass,complete,129,129,True,0,0,False,0.9189189189189189,0.811046511627907,91.89189189189189,81.1046511627907,295.557,399.004
Lang,37,1,pass,complete,334,334,True,0,0,False,0.6740273396424815,0.5348258706467661,67.40273396424816,53.482587064676615,1275.133,1384.599
Lang,38,1,pass,complete,268,244,True,0,0,False,0.8987068965517241,0.7543859649122807,89.87068965517241,75.43859649122807,485.228,617.569
Lang,39,1,pass,complete,393,393,True,0,3,True,0.6847246891651865,0.6925373134328358,68.47246891651865,69.25373134328358,1278.388,1405.906
Lang,40,1,pass,complete,406,406,True,0,0,False,0.749087591240876,0.7281845536609829,74.9087591240876,72.81845536609829,1279.655,1389.843
Lang,41,1,pass,complete,66,66,True,0,0,False,0.6007326007326007,0.39898989898989895,60.07326007326007,39.898989898989896,262.73,362.828
Lang,42,1,pass,complete,4,4,True,0,0,False,0.30434782608695654,0.203125,30.434782608695652,20.3125,53.3,153.606
Lang,43,1,pass,complete,12,12,True,0,0,False,0.24096385542168675,0.09090909090909091,24.096385542168676,9.090909090909092,33.901,137.087
Lang,44,1,pass,complete,60,60,True,0,0,False,0.9,0.7361111111111112,90.0,73.61111111111111,99.415,201.199
Lang,45,1,pass,complete,47,47,True,0,0,False,0.9710144927536232,0.9901960784313725,97.10144927536231,99.01960784313725,70.668,176.065
Lang,46,1,pass,complete,42,42,True,0,3,True,0.574660633484163,0.6074766355140188,57.46606334841629,60.74766355140187,122.084,222.803
Lang,47,1,pass,complete,960,960,True,0,2,True,0.8735632183908046,0.8292682926829268,87.35632183908046,82.92682926829268,1279.802,1398.75
Lang,49,1,pass,complete,33,33,True,0,0,False,0.4601449275362319,0.4130434782608695,46.01449275362319,41.30434782608695,78.752,180.85
Lang,50,1,pass,complete,212,184,True,0,0,False,0.7644539614561028,0.6724137931034483,76.44539614561027,67.24137931034483,259.704,382.485
Lang,51,1,pass,complete,96,96,True,0,0,False,0.736842105263158,0.6273584905660378,73.6842105263158,62.735849056603776,159.656,257.197
Lang,52,1,pass,complete,31,31,True,0,1,True,0.5428571428571428,0.5833333333333334,54.285714285714285,58.333333333333336,95.144,193.62
Lang,53,1,pass,complete,36,36,True,0,0,False,0.663594470046083,0.5257142857142857,66.3594470046083,52.57142857142857,117.855,216.915
Lang,54,1,pass,complete,20,20,True,0,0,False,0.8354430379746836,0.65625,83.54430379746836,65.625,34.924,136.647
Lang,55,1,pass,complete,11,11,True,0,0,False,0.5964912280701754,0.4615384615384615,59.64912280701754,46.15384615384615,38.947,134.195
Lang,56,1,pass,complete,213,184,True,0,0,False,0.7866379310344827,0.6508620689655173,78.66379310344827,65.08620689655173,264.508,382.076
Lang,57,1,pass,complete,20,20,True,0,0,False,0.8227848101265823,0.640625,82.27848101265823,64.0625,31.039,123.328
Lang,58,1,pass,complete,152,152,True,0,0,False,0.9057471264367816,0.7952380952380952,90.57471264367815,79.52380952380952,332.789,435.885
Lang,59,1,pass,complete,806,806,True,0,0,False,0.8689024390243902,0.8297413793103448,86.89024390243902,82.97413793103448,1056.23,1175.51
Lang,60,1,pass,complete,807,807,True,0,1,True,0.8673780487804877,0.834051724137931,86.73780487804878,83.40517241379311,1068.15,1177.657
Lang,61,1,pass,complete,801,801,True,0,0,False,0.8689024390243902,0.8275862068965517,86.89024390243902,82.75862068965517,1034.779,1149.918
Lang,62,1,pass,complete,4,4,True,0,0,False,0.2738589211618257,0.18888888888888888,27.38589211618257,18.88888888888889,61.394,153.831
Lang,63,1,pass,complete,40,39,True,0,2,True,0.9087301587301587,0.8592592592592593,90.87301587301587,85.92592592592592,61.602,170.664
Lang,64,1,no run,no_generated_tests,0,0,,,,,,,,,31.237,71.449
Lang,65,1,pass,complete,37,37,True,0,0,False,0.6974358974358974,0.5570469798657718,69.74358974358974,55.70469798657718,112.454,204.684
Math,1,1,pass,complete,162,162,True,0,0,False,0.371764705882353,0.33854166666666663,37.1764705882353,33.854166666666664,1337.38,2407.48
Math,2,1,pass,complete,15,15,True,0,0,False,0.7702702702702703,0.6153846153846154,77.02702702702703,61.53846153846154,73.045,208.437
Math,3,1,pass,complete,87,87,True,0,0,False,0.8361045130641329,0.8247863247863247,83.6104513064133,82.47863247863248,299.073,455.457
Math,4,1,pass,complete,15,15,True,0,1,True,0.6190476190476191,0.13636363636363635,61.904761904761905,13.636363636363637,45.023,181.172
Math,5,1,pass,complete,158,158,True,0,0,False,0.9601769911504425,0.9529411764705883,96.01769911504425,95.29411764705883,1006.131,1133.666
Math,6,1,pass,complete,35,35,True,0,1,True,0.10215946843853821,0.034071550255536626,10.215946843853821,3.4071550255536627,259.474,397.342
Math,7,1,pass,complete,6,6,True,0,0,False,0.17692307692307693,0.04,17.692307692307693,4.0,1238.0,1379.944
Math,8,1,pass,complete,3,3,True,0,0,False,0.425,0.375,42.5,37.5,32.437,129.19
Math,9,1,pass,complete,16,16,True,0,0,False,0.9130434782608695,0.4375,91.30434782608695,43.75,50.428,149.704
Math,10,1,pass,complete,8,8,True,0,0,False,0.162748643761302,0.1888111888111888,16.2748643761302,18.88111888111888,1262.809,1366.803
Math,11,1,pass,complete,2,2,True,0,0,False,0.6779661016949153,0.6785714285714286,67.79661016949153,67.85714285714286,30.459,131.272
Math,12,1,pass,complete,9,9,True,0,0,False,0.6041666666666666,0.7142857142857143,60.416666666666664,71.42857142857143,41.785,143.277
Math,13,1,pass,complete,11,11,True,0,0,False,0.43209876543209874,0.16666666666666669,43.20987654320987,16.666666666666668,81.376,188.814
Math,14,1,pass,complete,7,7,True,0,1,True,0.43137254901960786,0.35714285714285715,43.13725490196079,35.714285714285715,40.095,150.027
Math,15,1,pass,complete,306,306,True,0,0,False,0.8216432865731462,0.7719298245614036,82.16432865731463,77.19298245614036,1269.769,1391.757
Math,16,1,pass,complete,300,300,True,0,0,False,0.8032345013477089,0.7683544303797468,80.3234501347709,76.83544303797468,1268.587,1391.42
Math,17,1,pass,complete,3,3,True,0,0,False,0.0029154518950437317,0.0,0.2915451895043732,0.0,325.654,423.497
Math,18,1,pass,complete,8,8,True,0,0,False,0.060784313725490195,0.007246376811594203,6.078431372549019,0.7246376811594203,33.693,132.817
Math,19,1,pass,complete,8,8,True,0,0,False,0.06187624750499002,0.007352941176470589,6.187624750499002,0.7352941176470589,32.727,151.805
Math,20,1,pass,complete,8,8,True,0,0,False,0.062,0.00746268656716418,6.2,0.746268656716418,51.543,197.704
Math,21,1,no run,no_generated_tests,0,0,,,,,,,,,10.362,91.132
Math,22,1,pass,complete,27,27,True,0,2,True,0.8837209302325582,0.8181818181818181,88.37209302325581,81.81818181818181,139.14,259.382
Math,23,1,no run,no_generated_tests,0,0,,,,,,,,,4.497,76.647
Math,24,1,no run,no_generated_tests,0,0,,,,,,,,,3.392,62.195
Math,25,1,pass,complete,4,4,True,0,0,False,0.9893617021276596,0.9285714285714286,98.93617021276596,92.85714285714286,12.057,123.979
Math,26,1,pass,complete,131,131,True,0,0,False,0.912568306010929,0.8404255319148937,91.2568306010929,84.04255319148936,1267.213,1380.136
Math,27,1,pass,complete,150,150,True,0,3,True,0.8688524590163935,0.8404255319148937,86.88524590163935,84.04255319148936,1224.483,1865.549
Math,28,1,pass,complete,1,1,True,0,0,False,0.11392405063291139,0.0,11.39240506329114,0.0,8.93,127.591
Math,29,1,pass,complete,208,207,True,0,0,False,0.6947040498442368,0.6194029850746269,69.47040498442368,61.940298507462686,753.644,1018.661
Math,30,1,pass,complete,6,6,True,0,0,False,0.9705882352941176,0.8,97.05882352941177,80.0,18.897,143.218
Math,31,1,pass,complete,47,47,True,0,12,True,0.8813559322033899,0.7666666666666667,88.13559322033899,76.66666666666667,546.526,1282.466
Math,32,1,pass,complete,8,8,True,0,0,False,0.5976331360946745,0.475,59.76331360946745,47.5,17.047,111.311
Math,33,1,no run,no_generated_tests,0,0,,,,,,,,,9.384,63.035
Math,34,1,pass,complete,30,30,True,0,4,True,0.8,0.6363636363636364,80.0,63.63636363636363,57.645,164.319
Math,35,1,pass,complete,2,2,True,0,0,False,1.0,1.0,100.0,100.0,19.646,126.376
Math,36,1,pass,complete,135,135,True,0,0,False,0.7217391304347827,0.717391304347826,72.17391304347827,71.73913043478261,1295.723,1933.703
Math,37,1,pass,complete,152,152,True,0,0,False,0.9454545454545454,0.9303797468354431,94.54545454545455,93.0379746835443,426.459,554.079
Math,38,1,no run,no_generated_tests,0,0,,,,,,,,,3.172,64.073
Math,39,1,pass,complete,16,16,True,0,0,False,0.29906542056074764,0.0,29.906542056074766,0.0,52.401,193.644
Math,40,1,pass,complete,9,9,True,0,0,False,0.1746031746031746,0.045454545454545456,17.46031746031746,4.545454545454546,33.036,194.609
Math,41,1,pass,complete,61,61,True,0,0,False,0.9285714285714286,0.717391304347826,92.85714285714286,71.73913043478261,121.599,271.024
Math,42,1,pass,complete,1,1,True,0,0,False,0.03278688524590164,0.0,3.278688524590164,0.0,11.764,147.837
Math,43,1,pass,complete,281,281,True,0,0,False,0.84375,0.5172413793103449,84.375,51.724137931034484,319.258,464.253
Math,44,1,pass,complete,5,5,True,0,0,False,0.21367521367521367,0.047619047619047616,21.367521367521366,4.761904761904762,1239.02,1369.234
Math,45,1,pass,complete,2,2,True,0,0,False,0.2268041237113402,0.09090909090909091,22.68041237113402,9.090909090909092,89.602,226.562
Math,46,1,pass,complete,76,76,True,0,0,False,0.6138613861386139,0.6283783783783784,61.386138613861384,62.83783783783784,1272.593,1377.676
Math,47,1,pass,complete,71,71,True,0,0,False,0.6119402985074627,0.6126760563380281,61.19402985074627,61.267605633802816,1272.612,1373.185
Math,48,1,pass,complete,9,9,True,0,0,False,0.273972602739726,0.0,27.397260273972602,0.0,24.494,119.759
Math,49,1,pass,complete,54,54,True,0,0,False,0.3306878306878307,0.2894736842105263,33.06878306878307,28.94736842105263,1295.394,1680.454
Math,50,1,pass,complete,9,9,True,0,0,False,0.26666666666666666,0.0,26.666666666666668,0.0,20.267,115.025
Math,51,1,pass,complete,9,9,True,0,0,False,0.28169014084507044,0.0,28.169014084507044,0.0,21.474,121.276
Math,52,1,pass,complete,58,58,True,0,0,False,0.6811989100817439,0.6639344262295082,68.11989100817439,66.39344262295081,1264.983,1374.391
Math,53,1,pass,complete,58,58,True,0,0,False,0.6588235294117646,0.7192982456140351,65.88235294117646,71.9298245614035,1265.794,1372.975
Math,54,1,pass,complete,6,6,True,0,0,False,0.0030120481927710845,0.0,0.30120481927710846,0.0,304.197,396.265
Math,55,1,pass,complete,12,12,True,0,0,False,0.6206896551724138,0.16666666666666669,62.06896551724138,16.666666666666668,1281.761,1368.83
Math,56,1,pass,complete,13,13,True,0,1,True,0.7866666666666667,0.7352941176470589,78.66666666666667,73.52941176470588,983.371,1080.176
Math,57,1,pass,complete,2,2,True,0,0,False,0.125,0.0,12.5,0.0,7.461,110.908
Math,58,1,pass,complete,5,5,True,0,0,False,0.8333333333333333,0.8275862068965517,83.33333333333333,82.75862068965517,13.477,117.256
Math,59,1,pass,complete,14,14,True,0,0,False,0.19302775984506135,0.09509202453987729,19.302775984506134,9.50920245398773,1275.844,1392.182
Math,60,1,pass,complete,7,7,True,0,0,False,0.7234042553191489,0.5,72.34042553191489,50.0,828.967,922.157
Math,61,1,pass,complete,13,13,True,0,0,False,0.8823529411764706,0.9166666666666667,88.23529411764706,91.66666666666667,695.606,799.802
Math,62,1,pass,complete,10,10,True,0,0,False,0.5319148936170213,0.2777777777777778,53.191489361702125,27.77777777777778,88.157,179.481
Math,63,1,pass,complete,47,47,True,0,0,False,0.30115830115830117,0.28571428571428575,30.115830115830114,28.571428571428573,1276.727,1374.707
Math,64,1,pass,complete,5,5,True,0,0,False,0.05555555555555555,0.0,5.555555555555555,0.0,23.963,107.003
Math,65,1,pass,complete,15,15,True,0,0,False,0.38541666666666663,0.16666666666666669,38.541666666666664,16.666666666666668,60.354,146.01
Math,66,1,no run,no_generated_tests,0,0,,,,,,,,,2.408,45.688
Math,67,1,pass,complete,21,21,True,0,0,False,0.4301075268817204,0.14705882352941177,43.01075268817204,14.705882352941176,81.954,186.467
Math,68,1,pass,complete,4,4,True,0,0,False,0.045180722891566265,0.0,4.518072289156627,0.0,26.207,141.514
Math,69,1,pass,complete,14,14,True,0,0,False,0.56,0.5333333333333333,56.0,53.333333333333336,41.728,163.785
Math,70,1,pass,complete,8,8,True,0,0,False,0.5217391304347826,0.33333333333333337,52.17391304347826,33.333333333333336,22.164,146.181
Math,71,1,pass,complete,17,17,True,0,0,False,0.20304568527918782,0.0,20.304568527918782,0.0,63.207,189.932
Math,72,1,pass,complete,4,4,True,0,0,False,0.10280373831775702,0.0,10.280373831775702,0.0,641.168,768.568
Math,73,1,pass,complete,4,4,True,0,0,False,0.10576923076923077,0.0,10.576923076923077,0.0,641.821,765.439
Math,74,1,pass,complete,16,16,True,0,0,False,0.26229508196721313,0.0,26.229508196721312,0.0,35.584,119.547
Math,75,1,pass,complete,129,129,True,0,1,True,0.8731343283582089,0.6875,87.31343283582089,68.75,110.865,199.058
Math,76,1,no run,no_generated_tests,0,0,,,,,,,,,35.721,79.209
Math,77,1,pass,complete,1260,1260,True,0,5,True,0.6770963704630789,0.6005917159763314,67.70963704630789,60.05917159763314,1294.295,2309.697
Math,78,1,pass,complete,10,10,True,0,0,False,0.3,0.04,30.0,4.0,36.286,128.565
Math,79,1,pass,complete,125,125,True,0,1,True,0.6452380952380952,0.646376811594203,64.52380952380952,64.6376811594203,1267.531,1380.442
Math,80,1,pass,complete,26,26,True,0,0,False,0.6105263157894737,0.427536231884058,61.05263157894737,42.7536231884058,83.259,195.348
Math,81,1,pass,complete,30,30,True,0,0,False,0.4824355971896956,0.32850241545893716,48.24355971896956,32.85024154589372,83.27,196.916
Math,82,1,pass,complete,2,2,True,0,0,False,0.11666666666666665,0.0,11.666666666666666,0.0,11.829,132.047
Math,83,1,pass,complete,1,1,True,0,0,False,0.03870967741935484,0.0,3.870967741935484,0.0,14.726,133.13
Math,84,1,no run,no_generated_tests,0,0,,,,,,,,,3.38,61.447
Math,85,1,pass,complete,15,15,True,0,0,False,0.736842105263158,0.5,73.6842105263158,50.0,56.468,172.754
Math,86,1,no run,no_generated_tests,0,0,,,,,,,,,18.024,69.072
Math,87,1,pass,complete,1,1,True,0,0,False,0.039473684210526314,0.0,3.9473684210526314,0.0,14.711,121.445
Math,88,1,pass,complete,1,1,True,0,0,False,0.039473684210526314,0.0,3.9473684210526314,0.0,13.01,122.589
Math,89,1,pass,complete,98,98,True,0,0,False,0.9629629629629629,0.84375,96.29629629629629,84.375,110.682,213.833
Math,90,1,pass,complete,89,89,True,0,47,True,0.9622641509433962,0.84375,96.22641509433963,84.375,99.339,201.107
Math,91,1,pass,complete,103,103,True,0,0,False,0.8650306748466258,0.8666666666666667,86.50306748466258,86.66666666666667,1257.756,2042.596
Math,92,1,pass,complete,35,35,True,0,1,True,0.30303030303030304,0.30493273542600896,30.303030303030305,30.493273542600896,1287.089,1364.167
Math,93,1,pass,complete,33,33,True,0,0,False,0.252212389380531,0.24423963133640553,25.221238938053098,24.42396313364055,1276.796,1373.831
Math,94,1,pass,complete,35,35,True,0,0,False,0.28,0.2837209302325581,28.0,28.372093023255815,1288.0,1377.125
Math,95,1,pass,complete,10,10,True,0,1,True,1.0,1.0,100.0,100.0,17.628,91.403
Math,96,1,pass,complete,116,116,True,0,0,False,0.9084507042253521,0.8725490196078431,90.84507042253522,87.25490196078431,126.623,209.314
Math,97,1,no run,no_generated_tests,0,0,,,,,,,,,8.254,42.412
Math,98,1,pass,complete,1007,1007,True,0,1,True,0.8082788671023965,0.7870036101083032,80.82788671023965,78.70036101083032,690.236,793.728
Math,99,1,pass,complete,151,151,True,0,1,True,0.8252788104089219,0.8339483394833949,82.5278810408922,83.39483394833948,1128.432,1235.195
Math,100,1,pass,complete,8,8,True,0,0,False,0.2328767123287671,0.0,23.28767123287671,0.0,31.761,139.829
Math,101,1,pass,complete,40,40,True,0,0,False,0.8181818181818181,0.826923076923077,81.81818181818181,82.6923076923077,53.262,156.139
Math,102,1,pass,complete,50,50,True,0,0,False,0.990990990990991,0.9418604651162791,99.09909909909909,94.18604651162791,97.36,206.252
Math,103,1,pass,complete,8,8,True,0,0,False,0.8918918918918919,0.7142857142857143,89.1891891891892,71.42857142857143,28.894,127.795
Math,104,1,pass,complete,33,33,True,0,1,True,0.9574468085106383,0.975,95.74468085106383,97.5,331.29,433.327
Math,105,1,pass,complete,37,37,True,0,0,False,1.0,1.0,100.0,100.0,58.436,156.519
Math,106,1,pass,complete,7,7,True,0,0,False,0.7017543859649124,0.6,70.17543859649123,60.0,128.355,214.449
Mockito,1,1,pass,complete,17,17,True,0,0,False,0.3114754098360656,0.05769230769230769,31.147540983606557,5.769230769230769,909.733,1433.428
Mockito,2,1,pass,complete,3,3,True,0,0,False,1.0,0.5,100.0,50.0,7.606,651.538
Mockito,3,1,pass,complete,17,17,True,0,0,False,0.3114754098360656,0.06,31.147540983606557,6.0,623.688,1031.859
Mockito,4,1,pass,complete,1,1,True,0,0,False,0.012738853503184712,0.0,1.2738853503184713,0.0,1165.73,1704.848
Mockito,5,1,pass,complete,5,5,True,0,0,False,0.5,0.25,50.0,25.0,15.322,624.811
Mockito,6,1,pass,complete,52,52,True,0,0,False,0.9818181818181819,,98.18181818181819,,230.364,755.897
Mockito,7,1,pass,complete,2,2,True,0,0,False,0.2471264367816092,0.1951219512195122,24.71264367816092,19.51219512195122,14.204,703.008
Mockito,8,1,pass,complete,2,2,True,0,0,False,0.24277456647398843,0.1875,24.277456647398843,18.75,11.827,621.403
Mockito,9,1,pass,complete,1,1,True,0,0,False,1.0,,100.0,,4.26,616.125
Mockito,10,1,pass,complete,1,1,True,0,0,False,0.07142857142857144,0.0,7.142857142857143,0.0,5.582,599.005
Mockito,11,1,pass,complete,8,8,True,0,0,False,0.9285714285714286,0.16666666666666669,92.85714285714286,16.666666666666668,25.482,634.355
Mockito,12,1,pass,complete,2,2,True,0,0,False,1.0,0.75,100.0,75.0,4.177,139.159
Mockito,13,1,pass,complete,6,6,True,0,0,False,0.45,0.2,45.0,20.0,26.542,170.467
Mockito,14,1,pass,complete,30,30,True,0,0,False,0.6509433962264152,0.65625,65.09433962264151,65.625,157.453,305.875
Mockito,15,1,pass,complete,2,2,True,0,0,False,0.5384615384615384,1.0,53.84615384615385,100.0,6.587,161.247
Mockito,16,1,pass,complete,56,56,True,0,0,False,0.8076923076923077,0.7307692307692308,80.76923076923077,73.07692307692308,316.562,474.583
Mockito,17,1,pass,complete,44,44,True,0,0,False,0.6065573770491803,0.5,60.65573770491803,50.0,222.558,373.046
Mockito,18,1,pass,complete,1,1,True,0,0,False,0.09090909090909091,0.0,9.090909090909092,0.0,16.324,625.58
Mockito,19,1,no run,no_generated_tests,0,0,,,,,,,,,309.002,592.38
Mockito,20,1,no run,no_generated_tests,0,0,,,,,,,,,880.384,1152.624
Mockito,21,1,pass,complete,2,2,True,0,0,False,0.5625,1.0,56.25,100.0,4.866,529.665
Mockito,22,1,pass,complete,11,11,True,0,0,False,0.3846153846153846,0.375,38.46153846153846,37.5,11.115,427.129
Mockito,23,1,pass,complete,1,1,True,0,0,False,0.15151515151515152,0.0,15.151515151515152,0.0,9.822,462.95
Mockito,24,1,pass,complete,2,2,True,0,0,False,0.09090909090909091,0.0,9.090909090909092,0.0,16.146,316.222
Mockito,25,1,pass,complete,1,1,True,0,0,False,0.17391304347826086,0.0,17.391304347826086,0.0,5.917,233.985
Mockito,26,1,pass,complete,4,4,True,0,0,False,0.9444444444444444,0.5,94.44444444444444,50.0,12.54,236.978
Mockito,27,1,pass,complete,45,45,True,0,0,False,0.38095238095238093,0.36363636363636365,38.095238095238095,36.36363636363637,254.522,408.481
Mockito,28,1,pass,complete,2,2,True,0,0,False,0.2,0.1,20.0,10.0,12.262,150.86
Mockito,29,1,pass,complete,4,4,True,0,1,True,0.9333333333333332,0.8333333333333333,93.33333333333333,83.33333333333333,8.524,157.057
Mockito,30,1,pass,complete,57,57,True,0,0,False,0.6875,0.42857142857142855,68.75,42.857142857142854,394.827,554.399
Mockito,31,1,pass,complete,1,1,True,0,0,False,0.15789473684210525,0.0,15.789473684210526,0.0,4.691,160.227
Mockito,32,1,pass,complete,2,2,True,0,0,False,0.2608695652173913,0.25,26.08695652173913,25.0,10.208,161.871
Mockito,33,1,pass,complete,18,18,True,0,0,False,0.4666666666666666,0.125,46.666666666666664,12.5,95.334,244.295
Mockito,34,1,pass,complete,16,16,True,0,0,False,0.4736842105263158,0.10714285714285714,47.36842105263158,10.714285714285714,73.752,215.359
Mockito,35,1,pass,complete,48,48,True,0,2,True,0.9803921568627452,,98.03921568627452,,203.945,356.324
Mockito,36,1,pass,complete,13,13,True,0,0,False,0.07142857142857144,0.0,7.142857142857143,0.0,171.407,314.488
Mockito,37,1,pass,complete,1,1,True,0,0,False,0.2222222222222222,0.11538461538461538,22.22222222222222,11.538461538461538,35.927,181.316
Mockito,38,1,pass,complete,2,2,True,0,0,False,0.38888888888888884,0.25,38.888888888888886,25.0,17.97,151.371
Time,1,1,pass,complete,45,45,True,0,0,False,0.27574750830564787,0.19491525423728814,27.574750830564785,19.491525423728813,304.135,423.94
Time,2,1,pass,complete,41,41,True,0,0,False,0.27946127946127947,0.19491525423728814,27.946127946127945,19.491525423728813,297.241,418.262
Time,3,1,pass,complete,987,964,True,0,1,True,0.6848739495798319,0.4186046511627907,68.4873949579832,41.86046511627907,1276.584,1435.321
Time,4,1,pass,complete,44,44,True,0,0,False,0.2766798418972332,0.1792452830188679,27.66798418972332,17.92452830188679,287.533,401.595
Time,5,1,pass,complete,795,764,True,0,4,True,0.8127208480565371,0.6129032258064516,81.2720848056537,61.29032258064516,1161.776,1327.79
Time,6,1,pass,complete,11,11,True,0,0,False,0.42382271468144045,0.19642857142857142,42.38227146814405,19.642857142857142,80.414,196.499
Time,7,1,pass,complete,65,65,True,0,0,False,0.5048076923076923,0.36363636363636365,50.48076923076923,36.36363636363637,597.346,713.501
Time,8,1,pass,complete,87,84,True,0,1,True,0.704225352112676,0.550561797752809,70.4225352112676,55.056179775280896,484.403,620.39
Time,9,1,pass,complete,82,79,True,0,0,False,0.698005698005698,0.5176470588235295,69.8005698005698,51.76470588235294,534.575,684.552
Time,10,1,pass,complete,19,19,True,0,0,False,0.1267605633802817,0.06521739130434782,12.67605633802817,6.521739130434782,346.352,473.253
Time,11,1,pass,complete,9,9,True,0,1,True,0.22137404580152673,0.23316062176165805,22.137404580152673,23.316062176165804,20.441,141.356
Time,12,1,pass,complete,370,365,True,0,0,False,0.322289156626506,0.23305084745762714,32.2289156626506,23.305084745762713,1260.974,1430.092
Time,13,1,pass,complete,60,60,True,0,0,False,0.4806547619047619,0.2986725663716814,48.06547619047619,29.86725663716814,291.602,418.643
Time,14,1,no run,no_generated_tests,0,0,,,,,,,,,2.686,58.215
Time,15,1,pass,complete,57,57,True,0,0,False,0.96,0.942857142857143,96.0,94.28571428571429,65.927,197.714
Time,16,1,pass,complete,65,65,True,0,0,False,0.5072463768115942,0.36363636363636365,50.72463768115942,36.36363636363637,605.628,735.582
Time,17,1,pass,complete,85,82,True,0,1,True,0.717201166180758,0.5617283950617284,71.7201166180758,56.17283950617284,496.286,647.136
Time,18,1,pass,complete,9,9,True,0,0,False,0.438953488372093,0.21710526315789472,43.895348837209305,21.710526315789473,73.812,197.907
Time,19,1,pass,complete,86,83,True,0,0,False,0.717201166180758,0.5617283950617284,71.7201166180758,56.17283950617284,515.375,666.839
Time,20,1,pass,complete,159,159,True,0,0,False,0.4249757986447241,0.3769100169779287,42.497579864472414,37.69100169779287,835.444,959.236
Time,22,1,pass,complete,154,151,True,0,0,False,0.6257309941520468,0.39655172413793105,62.57309941520468,39.6551724137931,459.626,612.277
Time,23,1,pass,complete,86,83,True,0,0,False,0.7046783625730995,0.5432098765432098,70.46783625730994,54.32098765432099,498.643,662.729
Time,24,1,pass,complete,40,40,True,0,0,False,0.7430555555555556,0.546875,74.30555555555556,54.6875,496.42,643.262
Time,25,1,pass,complete,79,76,True,0,0,False,0.7286585365853658,0.5723684210526315,72.86585365853658,57.23684210526316,467.653,621.381
Time,26,1,pass,complete,79,76,True,0,0,False,0.5502645502645502,0.42916666666666664,55.026455026455025,42.916666666666664,422.226,559.332
Time,27,1,pass,complete,57,57,True,0,0,False,0.3522388059701493,0.1726457399103139,35.223880597014926,17.26457399103139,216.93,335.078
